round,group_index,mode,classification,all_wrong,rollouts,scored,reward_mean,success_mean,retry_present
0,0,skill_free,environment_or_runtime_error,0,8,3,1.0,1.0,0
0,1,assisted,environment_or_runtime_error,0,8,7,0.14285714285714285,0.14285714285714285,0
0,2,assisted,environment_or_runtime_error,0,8,6,0.4166666666666667,0.16666666666666666,0
0,3,assisted,environment_or_runtime_error,0,8,7,0.7142857142857143,0.7142857142857143,0
0,4,skill_free,not_frontier,0,8,8,0.125,0.125,0
0,5,skill_free,not_frontier,0,8,8,0.75,0.75,0
0,6,skill_free,full_skill_failure_pending_analysis,1,8,8,0.3333333333333333,0.0,1
0,7,assisted,not_frontier,0,8,8,0.125,0.125,0
0,8,assisted,not_frontier,0,8,8,0.125,0.125,0
0,9,assisted,not_frontier,0,8,8,0.25,0.25,0
0,10,assisted,not_frontier,0,8,8,0.25,0.25,0
0,11,assisted,not_frontier,0,8,8,1.0,1.0,0
0,12,skill_free,not_frontier,0,8,8,1.0,1.0,0
0,13,assisted,not_frontier,0,8,8,1.0,1.0,0
0,14,assisted,not_frontier,0,8,8,0.375,0.375,0
0,15,assisted,not_frontier,0,8,8,1.0,1.0,0
0,16,assisted,full_skill_failure_pending_analysis,1,8,8,0.0,0.0,1
0,17,assisted,not_frontier,0,8,8,0.375,0.375,0
0,18,assisted,not_frontier,0,8,8,1.0,1.0,0
0,19,assisted,not_frontier,0,8,8,1.0,1.0,0
0,20,assisted,not_frontier,0,8,8,1.0,1.0,0
0,21,assisted,not_frontier,0,8,8,0.375,0.375,0
0,22,assisted,not_frontier,0,8,8,0.875,0.875,0
0,23,assisted,not_frontier,0,8,8,0.875,0.875,0
0,24,assisted,not_frontier,0,8,8,0.75,0.75,0
0,25,assisted,full_skill_failure_pending_analysis,1,8,8,0.0,0.0,1
0,26,assisted,not_frontier,0,8,8,1.0,1.0,0
0,27,assisted,not_frontier,0,8,8,1.0,1.0,0
0,28,assisted,not_frontier,0,8,8,0.7708333333333333,0.625,0
0,29,assisted,not_frontier,0,8,8,0.25,0.25,0
0,30,assisted,not_frontier,0,8,8,0.875,0.875,0
0,31,skill_free,not_frontier,0,8,8,0.125,0.125,0
0,32,assisted,not_frontier,0,8,8,1.0,1.0,0
0,33,skill_free,full_skill_failure_pending_analysis,1,8,8,0.0,0.0,1
0,34,assisted,full_skill_failure_pending_analysis,1,8,8,0.10416666666666667,0.0,1
0,35,skill_free,not_frontier,0,8,8,0.625,0.625,0
0,36,assisted,not_frontier,0,8,8,0.8194444444444444,0.75,0
0,37,assisted,model_internalization_deficit,1,8,8,0.0,0.0,1
0,38,skill_free,not_frontier,0,8,8,0.875,0.875,0
0,39,assisted,not_frontier,0,8,8,1.0,1.0,0
0,40,assisted,not_frontier,0,8,8,1.0,1.0,0
0,41,skill_free,not_frontier,0,8,8,1.0,1.0,0
0,42,assisted,not_frontier,0,8,8,1.0,1.0,0
0,43,assisted,full_skill_failure_pending_analysis,1,8,8,0.0,0.0,1
0,44,assisted,not_frontier,0,8,8,0.25,0.25,0
0,45,assisted,not_frontier,0,8,8,1.0,1.0,0
0,46,assisted,not_frontier,0,8,8,0.75,0.75,0
0,47,skill_free,not_frontier,0,8,8,0.875,0.875,0
0,48,assisted,full_skill_failure_pending_analysis,1,8,8,0.0,0.0,1
0,49,skill_free,not_frontier,0,8,8,0.8125,0.75,0
0,50,skill_free,not_frontier,0,8,8,1.0,1.0,0
0,51,assisted,not_frontier,0,8,8,0.125,0.125,0
0,52,assisted,not_frontier,0,8,8,1.0,1.0,0
0,53,assisted,full_skill_failure_pending_analysis,1,8,8,0.0,0.0,1
0,54,assisted,not_frontier,0,8,8,0.125,0.125,0
0,55,assisted,model_internalization_deficit,1,8,8,0.0,0.0,1
0,56,assisted,full_skill_failure_pending_analysis,1,8,8,0.0,0.0,1
0,57,assisted,not_frontier,0,8,8,0.125,0.125,0
0,58,assisted,not_frontier,0,8,8,0.75,0.75,0
0,59,skill_free,not_frontier,0,8,8,0.125,0.125,0
0,60,assisted,not_frontier,0,8,8,1.0,1.0,0
0,61,assisted,not_frontier,0,8,8,1.0,1.0,0
0,62,assisted,not_frontier,0,8,8,0.25,0.25,0
0,63,assisted,not_frontier,0,8,8,0.125,0.125,0
0,64,assisted,not_frontier,0,8,8,1.0,1.0,0
0,65,assisted,model_internalization_deficit,1,8,8,0.0,0.0,1
0,66,assisted,not_frontier,0,8,8,1.0,1.0,0
0,67,assisted,not_frontier,0,8,8,1.0,1.0,0
0,68,assisted,not_frontier,0,8,8,1.0,1.0,0
0,69,skill_free,full_skill_failure_pending_analysis,1,8,8,0.0,0.0,1
0,70,assisted,not_frontier,0,8,8,0.625,0.625,0
0,71,skill_free,not_frontier,0,8,8,0.625,0.625,0
0,72,assisted,not_frontier,0,8,8,0.21875,0.125,0
0,73,assisted,not_frontier,0,8,8,0.125,0.125,0
0,74,assisted,not_frontier,0,8,8,0.20833333333333331,0.125,0
0,75,skill_free,not_frontier,0,8,8,1.0,1.0,0
0,76,assisted,not_frontier,0,8,8,0.625,0.625,0
0,77,assisted,not_frontier,0,8,8,1.0,1.0,0
0,78,assisted,not_frontier,0,8,8,0.875,0.875,0
0,79,assisted,full_skill_failure_pending_analysis,1,8,8,0.0,0.0,1
0,80,skill_free,not_frontier,0,8,8,1.0,1.0,0
0,81,assisted,full_skill_failure_pending_analysis,1,8,8,0.0,0.0,1
0,82,assisted,not_frontier,0,8,8,1.0,1.0,0
0,83,assisted,not_frontier,0,8,8,0.125,0.125,0
0,84,assisted,not_frontier,0,8,8,0.75,0.75,0
0,85,assisted,not_frontier,0,8,8,0.6875,0.5,0
0,86,assisted,not_frontier,0,8,8,0.125,0.125,0
0,87,assisted,full_skill_failure_pending_analysis,1,8,8,0.0,0.0,1
0,88,assisted,not_frontier,0,8,8,0.875,0.875,0
0,89,assisted,not_frontier,0,8,8,1.0,1.0,0
0,90,skill_free,not_frontier,0,8,8,0.875,0.875,0
0,91,assisted,full_skill_failure_pending_analysis,1,8,8,0.0,0.0,1
0,92,assisted,not_frontier,0,8,8,1.0,1.0,0
0,93,assisted,not_frontier,0,8,8,0.375,0.375,0
0,94,assisted,not_frontier,0,8,8,0.5,0.5,0
0,95,assisted,not_frontier,0,8,8,0.75,0.75,0
0,96,assisted,not_frontier,0,8,8,0.375,0.375,0
0,97,assisted,not_frontier,0,8,8,0.25,0.25,0
0,98,assisted,not_frontier,0,8,8,1.0,1.0,0
0,99,assisted,model_internalization_deficit,1,8,8,0.0,0.0,1
0,100,assisted,not_frontier,0,8,8,0.875,0.875,0
0,101,assisted,not_frontier,0,8,8,0.75,0.75,0
0,102,skill_free,not_frontier,0,8,8,0.375,0.375,0
0,103,assisted,full_skill_failure_pending_analysis,1,8,8,0.0,0.0,1
0,104,skill_free,not_frontier,0,8,8,1.0,1.0,0
0,105,skill_free,not_frontier,0,8,8,0.375,0.375,0
0,106,skill_free,not_frontier,0,8,8,0.75,0.75,0
0,107,assisted,not_frontier,0,8,8,1.0,1.0,0
0,108,assisted,not_frontier,0,8,8,0.8928571428571428,0.875,0
0,109,assisted,model_internalization_deficit,1,8,8,0.0,0.0,1
0,110,assisted,not_frontier,0,8,8,1.0,1.0,0
0,111,assisted,not_frontier,0,8,8,0.875,0.875,0
0,112,assisted,not_frontier,0,8,8,1.0,1.0,0
0,113,assisted,full_skill_failure_pending_analysis,1,8,8,0.0,0.0,1
0,114,assisted,not_frontier,0,8,8,1.0,1.0,0
0,115,assisted,not_frontier,0,8,8,1.0,1.0,0
0,116,assisted,full_skill_failure_pending_analysis,1,8,8,0.0,0.0,1
0,117,skill_free,not_frontier,0,8,8,1.0,1.0,0
0,118,assisted,not_frontier,0,8,8,0.625,0.625,0
0,119,skill_free,full_skill_failure_pending_analysis,1,8,8,0.0,0.0,1
0,120,skill_free,not_frontier,0,8,8,1.0,1.0,0
0,121,assisted,not_frontier,0,8,8,0.75,0.75,0
0,122,assisted,not_frontier,0,8,8,1.0,1.0,0
0,123,assisted,full_skill_failure_pending_analysis,1,8,8,0.125,0.0,1
0,124,assisted,full_skill_failure_pending_analysis,1,8,8,0.0,0.0,1
0,125,assisted,full_skill_failure_pending_analysis,1,8,8,0.0,0.0,1
0,126,skill_free,not_frontier,0,8,8,1.0,1.0,0
0,127,assisted,not_frontier,0,8,8,1.0,1.0,0
0,128,assisted,not_frontier,0,8,8,0.75,0.75,0
0,129,assisted,not_frontier,0,8,8,1.0,1.0,0
0,130,assisted,not_frontier,0,8,8,0.625,0.625,0
0,131,assisted,not_frontier,0,8,8,0.75,0.75,0
0,132,assisted,not_frontier,0,8,8,1.0,1.0,0
0,133,assisted,full_skill_failure_pending_analysis,1,8,8,0.0,0.0,1
0,134,assisted,full_skill_failure_pending_analysis,1,8,8,0.0,0.0,1
0,135,assisted,full_skill_failure_pending_analysis,1,8,8,0.0,0.0,1
0,136,assisted,not_frontier,0,8,8,0.125,0.125,0
0,137,assisted,not_frontier,0,8,8,0.875,0.875,0
0,138,skill_free,not_frontier,0,8,8,0.25,0.25,0
0,139,assisted,not_frontier,0,8,8,0.625,0.625,0
0,140,assisted,not_frontier,0,8,8,1.0,1.0,0
0,141,skill_free,not_frontier,0,8,8,0.75,0.75,0
0,142,assisted,not_frontier,0,8,8,1.0,1.0,0
0,143,assisted,not_frontier,0,8,8,0.5,0.5,0
0,144,assisted,not_frontier,0,8,8,0.34375,0.25,0
0,145,assisted,full_skill_failure_pending_analysis,1,8,8,0.0,0.0,1
0,146,assisted,not_frontier,0,8,8,1.0,1.0,0
0,147,assisted,not_frontier,0,8,8,0.5,0.5,0
0,148,assisted,full_skill_failure_pending_analysis,1,8,8,0.375,0.0,1
0,149,assisted,not_frontier,0,8,8,1.0,1.0,0
0,150,assisted,full_skill_failure_pending_analysis,1,8,8,0.0,0.0,1
0,151,assisted,full_skill_failure_pending_analysis,1,8,8,0.0,0.0,1
0,152,assisted,not_frontier,0,8,8,0.125,0.125,0
0,153,assisted,not_frontier,0,8,8,1.0,1.0,0
0,154,skill_free,model_internalization_deficit,1,8,8,0.0,0.0,1
0,155,skill_free,not_frontier,0,8,8,0.625,0.625,0
0,156,skill_free,model_internalization_deficit,1,8,8,0.0,0.0,1
0,157,assisted,not_frontier,0,8,8,0.75,0.75,0
0,158,assisted,full_skill_failure_pending_analysis,1,8,8,0.0,0.0,1
0,159,assisted,not_frontier,0,8,8,0.5,0.5,0
0,160,assisted,not_frontier,0,8,8,0.375,0.375,0
0,161,skill_free,not_frontier,0,8,8,1.0,1.0,0
0,162,assisted,not_frontier,0,8,8,0.375,0.375,0
0,163,assisted,not_frontier,0,8,8,0.875,0.875,0
0,164,skill_free,not_frontier,0,8,8,0.75,0.75,0
0,165,assisted,not_frontier,0,8,8,1.0,1.0,0
0,166,assisted,environment_or_runtime_error,1,8,8,0.0,0.0,1
0,167,assisted,environment_or_runtime_error,1,8,8,0.375,0.0,1
0,168,assisted,not_frontier,0,8,8,0.75,0.75,0
0,169,assisted,not_frontier,0,8,8,0.703125,0.625,0
0,170,assisted,not_frontier,0,8,8,0.75,0.75,0
0,171,skill_free,not_frontier,0,8,8,0.875,0.875,0
0,172,assisted,not_frontier,0,8,8,1.0,1.0,0
0,173,assisted,not_frontier,0,8,8,0.375,0.375,0
0,174,assisted,not_frontier,0,8,8,1.0,1.0,0
0,175,assisted,not_frontier,0,8,8,0.9166666666666666,0.875,0
0,176,assisted,not_frontier,0,8,8,0.375,0.375,0
0,177,skill_free,environment_or_runtime_error,0,8,7,0.42857142857142855,0.42857142857142855,0
0,178,assisted,not_frontier,0,8,8,0.625,0.625,0
0,179,assisted,not_frontier,0,8,8,0.875,0.875,0
0,180,assisted,not_frontier,0,8,8,0.75,0.75,0
0,181,assisted,environment_or_runtime_error,0,8,7,0.42857142857142855,0.42857142857142855,0
0,182,assisted,not_frontier,0,8,8,1.0,1.0,0
0,183,assisted,not_frontier,0,8,8,0.125,0.125,0
0,184,assisted,not_frontier,0,8,8,0.875,0.875,0
0,185,assisted,environment_or_runtime_error,1,8,8,0.0,0.0,1
0,186,skill_free,environment_or_runtime_error,0,8,7,0.14285714285714285,0.14285714285714285,0
0,187,assisted,environment_or_runtime_error,0,8,0,,,0
0,188,assisted,environment_or_runtime_error,0,8,1,1.0,1.0,0
0,189,skill_free,environment_or_runtime_error,0,8,0,,,0
0,190,assisted,environment_or_runtime_error,0,8,0,,,0
0,191,assisted,environment_or_runtime_error,0,8,0,,,0
0,192,assisted,not_frontier,0,8,8,0.75,0.75,0
0,193,assisted,full_skill_failure_pending_analysis,1,8,8,0.0,0.0,1
0,194,skill_free,environment_or_runtime_error,1,8,8,0.0,0.0,1
0,195,assisted,not_frontier,0,8,8,0.625,0.625,0
0,196,skill_free,not_frontier,0,8,8,0.25,0.25,0
0,197,assisted,not_frontier,0,8,8,0.875,0.875,0
0,198,assisted,not_frontier,0,8,8,1.0,1.0,0
0,199,assisted,not_frontier,0,8,8,0.875,0.875,0
0,200,assisted,not_frontier,0,8,8,1.0,1.0,0
0,201,assisted,not_frontier,0,8,8,1.0,1.0,0
0,202,assisted,not_frontier,0,8,8,1.0,1.0,0
0,203,assisted,not_frontier,0,8,8,0.875,0.875,0
0,204,assisted,not_frontier,0,8,8,1.0,1.0,0
0,205,skill_free,not_frontier,0,8,8,0.75,0.75,0
0,206,assisted,not_frontier,0,8,8,0.875,0.875,0
0,207,assisted,not_frontier,0,8,8,0.375,0.375,0
0,208,assisted,not_frontier,0,8,8,0.875,0.875,0
0,209,assisted,full_skill_failure_pending_analysis,1,8,8,0.0,0.0,1
0,210,assisted,not_frontier,0,8,8,1.0,1.0,0
0,211,skill_free,not_frontier,0,8,8,1.0,1.0,0
0,212,assisted,not_frontier,0,8,8,0.625,0.625,0
0,213,skill_free,not_frontier,0,8,8,0.625,0.625,0
0,214,assisted,not_frontier,0,8,8,1.0,1.0,0
0,215,assisted,environment_or_runtime_error,1,8,8,0.0,0.0,1
0,216,assisted,not_frontier,0,8,8,0.75,0.75,0
0,217,assisted,not_frontier,0,8,8,1.0,1.0,0
0,218,skill_free,not_frontier,0,8,8,1.0,1.0,0
0,219,assisted,not_frontier,0,8,8,0.375,0.375,0
0,220,assisted,not_frontier,0,8,8,1.0,1.0,0
0,221,skill_free,not_frontier,0,8,8,0.875,0.875,0
0,222,assisted,not_frontier,0,8,8,1.0,1.0,0
0,223,skill_free,not_frontier,0,8,8,0.75,0.625,0
0,224,skill_free,not_frontier,0,8,8,0.625,0.625,0
0,225,assisted,not_frontier,0,8,8,0.375,0.375,0
0,226,skill_free,full_skill_failure_pending_analysis,1,8,8,0.0,0.0,1
0,227,assisted,not_frontier,0,8,8,1.0,1.0,0
0,228,assisted,not_frontier,0,8,8,0.625,0.625,0
0,229,assisted,not_frontier,0,8,8,0.875,0.875,0
0,230,assisted,full_skill_failure_pending_analysis,1,8,8,0.0,0.0,1
0,231,assisted,not_frontier,0,8,8,1.0,1.0,0
0,232,assisted,full_skill_failure_pending_analysis,1,8,8,0.0,0.0,1
0,233,assisted,not_frontier,0,8,8,0.625,0.625,0
0,234,skill_free,not_frontier,0,8,8,0.125,0.125,0
0,235,assisted,not_frontier,0,8,8,0.25,0.25,0
0,236,assisted,not_frontier,0,8,8,0.125,0.125,0
0,237,assisted,not_frontier,0,8,8,1.0,1.0,0
0,238,assisted,not_frontier,0,8,8,0.875,0.875,0
0,239,assisted,not_frontier,0,8,8,1.0,1.0,0
0,240,assisted,not_frontier,0,8,8,0.25,0.25,0
0,241,assisted,not_frontier,0,8,8,0.75,0.75,0
0,242,assisted,not_frontier,0,8,8,1.0,1.0,0
0,243,skill_free,not_frontier,0,8,8,0.125,0.125,0
0,244,assisted,not_frontier,0,8,8,1.0,1.0,0
0,245,assisted,not_frontier,0,8,8,1.0,1.0,0
0,246,assisted,not_frontier,0,8,8,1.0,1.0,0
0,247,assisted,full_skill_failure_pending_analysis,1,8,8,0.0,0.0,1
0,248,assisted,not_frontier,0,8,8,1.0,1.0,0
0,249,skill_free,not_frontier,0,8,8,1.0,1.0,0
0,250,assisted,not_frontier,0,8,8,0.375,0.375,0
0,251,assisted,not_frontier,0,8,8,0.25,0.25,0
0,252,assisted,not_frontier,0,8,8,1.0,1.0,0
0,253,assisted,not_frontier,0,8,8,0.125,0.125,0
0,254,assisted,full_skill_failure_pending_analysis,1,8,8,0.0,0.0,1
0,255,assisted,not_frontier,0,8,8,1.0,1.0,0
0,256,assisted,not_frontier,0,8,8,0.375,0.375,0
0,257,assisted,not_frontier,0,8,8,0.75,0.75,0
0,258,assisted,not_frontier,0,8,8,0.25,0.25,0
0,259,assisted,not_frontier,0,8,8,1.0,1.0,0
0,260,assisted,full_skill_failure_pending_analysis,1,8,8,0.0,0.0,1
0,261,skill_free,not_frontier,0,8,8,0.125,0.125,0
0,262,assisted,not_frontier,0,8,8,1.0,1.0,0
0,263,assisted,full_skill_failure_pending_analysis,1,8,8,0.0,0.0,1
0,264,assisted,full_skill_failure_pending_analysis,1,8,8,0.0,0.0,1
0,265,assisted,not_frontier,0,8,8,0.875,0.875,0
0,266,assisted,not_frontier,0,8,8,0.875,0.875,0
0,267,assisted,not_frontier,0,8,8,1.0,1.0,0
0,268,assisted,not_frontier,0,8,8,1.0,1.0,0
0,269,assisted,full_skill_failure_pending_analysis,1,8,8,0.0,0.0,1
0,270,assisted,not_frontier,0,8,8,1.0,1.0,0
0,271,skill_free,not_frontier,0,8,8,1.0,1.0,0
0,272,assisted,not_frontier,0,8,8,1.0,1.0,0
0,273,assisted,not_frontier,0,8,8,0.875,0.875,0
0,274,assisted,not_frontier,0,8,8,1.0,1.0,0
0,275,assisted,not_frontier,0,8,8,0.125,0.125,0
0,276,assisted,not_frontier,0,8,8,0.15,0.125,0
0,277,assisted,not_frontier,0,8,8,0.375,0.375,0
0,278,skill_free,not_frontier,0,8,8,0.5,0.5,0
0,279,assisted,not_frontier,0,8,8,1.0,1.0,0
0,280,assisted,not_frontier,0,8,8,0.125,0.125,0
0,281,assisted,not_frontier,0,8,8,0.875,0.875,0
0,282,assisted,not_frontier,0,8,8,1.0,1.0,0
0,283,skill_free,full_skill_failure_pending_analysis,1,8,8,0.09375,0.0,1
0,284,assisted,not_frontier,0,8,8,0.875,0.875,0
0,285,assisted,environment_or_runtime_error,0,8,7,0.7142857142857143,0.7142857142857143,0
0,286,skill_free,not_frontier,0,8,8,0.75,0.75,0
0,287,assisted,not_frontier,0,8,8,1.0,1.0,0
0,288,assisted,not_frontier,0,8,8,1.0,1.0,0
0,289,assisted,not_frontier,0,8,8,1.0,1.0,0
0,290,assisted,not_frontier,0,8,8,1.0,1.0,0
0,291,assisted,not_frontier,0,8,8,0.75,0.75,0
0,292,assisted,not_frontier,0,8,8,0.5,0.5,0
0,293,assisted,not_frontier,0,8,8,1.0,1.0,0
0,294,skill_free,not_frontier,0,8,8,0.125,0.125,0
0,295,skill_free,not_frontier,0,8,8,1.0,1.0,0
0,296,assisted,full_skill_failure_pending_analysis,1,8,8,0.0,0.0,1
0,297,assisted,full_skill_failure_pending_analysis,1,8,8,0.5,0.0,1
0,298,assisted,not_frontier,0,8,8,0.8035714285714286,0.75,0
0,299,assisted,not_frontier,0,8,8,0.875,0.875,0
0,300,assisted,not_frontier,0,8,8,0.375,0.375,0
0,301,assisted,full_skill_failure_pending_analysis,1,8,8,0.0,0.0,1
0,302,assisted,full_skill_failure_pending_analysis,1,8,8,0.0,0.0,1
0,303,skill_free,not_frontier,0,8,8,0.3125,0.25,0
0,304,assisted,not_frontier,0,8,8,0.5,0.5,0
0,305,skill_free,not_frontier,0,8,8,1.0,1.0,0
0,306,assisted,not_frontier,0,8,8,1.0,1.0,0
0,307,assisted,not_frontier,0,8,8,1.0,1.0,0
0,308,assisted,not_frontier,0,8,8,1.0,1.0,0
0,309,assisted,not_frontier,0,8,8,1.0,1.0,0
0,310,assisted,not_frontier,0,8,8,0.875,0.875,0
0,311,skill_free,not_frontier,0,8,8,0.5,0.5,0
0,312,assisted,full_skill_failure_pending_analysis,1,8,8,0.6666666666666666,0.0,1
0,313,skill_free,not_frontier,0,8,8,0.515,0.5,0
0,314,assisted,full_skill_failure_pending_analysis,1,8,8,0.0,0.0,1
0,315,assisted,not_frontier,0,8,8,0.75,0.75,0
0,316,assisted,not_frontier,0,8,8,1.0,1.0,0
0,317,assisted,not_frontier,0,8,8,1.0,1.0,0
0,318,assisted,not_frontier,0,8,8,0.5,0.5,0
0,319,assisted,not_frontier,0,8,8,1.0,1.0,0
0,320,assisted,not_frontier,0,8,8,0.35714285714285715,0.25,0
0,321,assisted,not_frontier,0,8,8,0.875,0.875,0
0,322,assisted,not_frontier,0,8,8,0.25,0.25,0
0,323,skill_free,not_frontier,0,8,8,1.0,1.0,0
0,324,skill_free,not_frontier,0,8,8,1.0,1.0,0
0,325,assisted,not_frontier,0,8,8,0.5,0.375,0
0,326,assisted,not_frontier,0,8,8,0.875,0.875,0
0,327,assisted,not_frontier,0,8,8,0.5,0.5,0
0,328,skill_free,not_frontier,0,8,8,0.875,0.875,0
0,329,assisted,not_frontier,0,8,8,0.75,0.75,0
0,330,assisted,not_frontier,0,8,8,0.625,0.625,0
0,331,assisted,not_frontier,0,8,8,1.0,1.0,0
0,332,assisted,full_skill_failure_pending_analysis,1,8,8,0.0,0.0,1
0,333,assisted,full_skill_failure_pending_analysis,1,8,8,0.0,0.0,1
0,334,skill_free,not_frontier,0,8,8,1.0,1.0,0
0,335,assisted,not_frontier,0,8,8,1.0,1.0,0
0,336,assisted,not_frontier,0,8,8,0.5,0.5,0
0,337,assisted,environment_or_runtime_error,1,8,8,0.0,0.0,1
0,338,assisted,not_frontier,0,8,8,1.0,1.0,0
0,339,assisted,environment_or_runtime_error,0,8,7,0.14285714285714285,0.14285714285714285,0
0,340,skill_free,not_frontier,0,8,8,0.8984375,0.875,0
0,341,assisted,not_frontier,0,8,8,0.78125,0.625,0
0,342,assisted,full_skill_failure_pending_analysis,1,8,8,0.0,0.0,1
0,343,skill_free,not_frontier,0,8,8,0.6145833333333334,0.25,0
0,344,assisted,not_frontier,0,8,8,1.0,1.0,0
0,345,assisted,not_frontier,0,8,8,0.875,0.75,0
0,346,assisted,not_frontier,0,8,8,0.875,0.875,0
0,347,assisted,not_frontier,0,8,8,0.875,0.875,0
0,348,skill_free,model_internalization_deficit,1,8,8,0.0,0.0,1
0,349,skill_free,not_frontier,0,8,8,1.0,1.0,0
0,350,assisted,not_frontier,0,8,8,1.0,1.0,0
0,351,assisted,environment_or_runtime_error,1,8,8,0.0,0.0,1
0,352,assisted,not_frontier,0,8,8,1.0,1.0,0
0,353,skill_free,not_frontier,0,8,8,1.0,1.0,0
0,354,assisted,not_frontier,0,8,8,1.0,1.0,0
0,355,assisted,not_frontier,0,8,8,0.875,0.875,0
0,356,assisted,not_frontier,0,8,8,1.0,1.0,0
0,357,assisted,not_frontier,0,8,8,0.25,0.25,0
0,358,assisted,not_frontier,0,8,8,0.625,0.625,0
0,359,assisted,not_frontier,0,8,8,1.0,1.0,0
0,360,assisted,not_frontier,0,8,8,1.0,1.0,0
0,361,assisted,not_frontier,0,8,8,0.3125,0.125,0
0,362,assisted,not_frontier,0,8,8,0.875,0.875,0
0,363,assisted,model_internalization_deficit,1,8,8,0.0,0.0,1
0,364,skill_free,not_frontier,0,8,8,1.0,1.0,0
0,365,skill_free,not_frontier,0,8,8,1.0,1.0,0
0,366,skill_free,not_frontier,0,8,8,1.0,1.0,0
0,367,skill_free,full_skill_failure_pending_analysis,1,8,8,0.109375,0.0,1
0,368,assisted,not_frontier,0,8,8,1.0,1.0,0
0,369,assisted,full_skill_failure_pending_analysis,1,8,8,0.0,0.0,1
0,370,assisted,not_frontier,0,8,8,1.0,1.0,0
0,371,assisted,full_skill_failure_pending_analysis,1,8,8,0.0,0.0,1
0,372,assisted,not_frontier,0,8,8,0.625,0.625,0
0,373,assisted,not_frontier,0,8,8,0.75,0.75,0
0,374,assisted,not_frontier,0,8,8,1.0,1.0,0
0,375,skill_free,full_skill_failure_pending_analysis,1,8,8,0.25,0.0,1
0,376,skill_free,not_frontier,0,8,8,0.125,0.125,0
0,377,assisted,not_frontier,0,8,8,1.0,1.0,0
0,378,assisted,not_frontier,0,8,8,0.25,0.25,0
0,379,assisted,not_frontier,0,8,8,0.75,0.75,0
0,380,assisted,not_frontier,0,8,8,0.125,0.125,0
0,381,assisted,not_frontier,0,8,8,1.0,1.0,0
0,382,skill_free,not_frontier,0,8,8,1.0,1.0,0
0,383,assisted,not_frontier,0,8,8,1.0,1.0,0
0,384,assisted,not_frontier,0,8,8,0.875,0.875,0
0,385,assisted,not_frontier,0,8,8,0.875,0.875,0
0,386,skill_free,not_frontier,0,8,8,0.875,0.875,0
0,387,assisted,not_frontier,0,8,8,1.0,1.0,0
0,388,assisted,not_frontier,0,8,8,1.0,1.0,0
0,389,assisted,not_frontier,0,8,8,0.25,0.25,0
0,390,assisted,not_frontier,0,8,8,1.0,1.0,0
0,391,assisted,not_frontier,0,8,8,1.0,1.0,0
0,392,assisted,not_frontier,0,8,8,0.5,0.5,0
0,393,assisted,full_skill_failure_pending_analysis,1,8,8,0.0,0.0,1
0,394,assisted,not_frontier,0,8,8,0.875,0.875,0
0,395,assisted,not_frontier,0,8,8,1.0,1.0,0
0,396,assisted,not_frontier,0,8,8,1.0,1.0,0
0,397,assisted,not_frontier,0,8,8,0.875,0.875,0
0,398,skill_free,not_frontier,0,8,8,1.0,1.0,0
0,399,assisted,full_skill_failure_pending_analysis,1,8,8,0.0,0.0,1
0,400,assisted,not_frontier,0,8,8,1.0,1.0,0
0,401,assisted,full_skill_failure_pending_analysis,1,8,8,0.5,0.0,1
0,402,assisted,not_frontier,0,8,8,1.0,1.0,0
0,403,assisted,not_frontier,0,8,8,1.0,1.0,0
0,404,assisted,not_frontier,0,8,8,1.0,1.0,0
0,405,assisted,not_frontier,0,8,8,1.0,1.0,0
0,406,assisted,not_frontier,0,8,8,1.0,1.0,0
0,407,skill_free,not_frontier,0,8,8,1.0,1.0,0
0,408,assisted,not_frontier,0,8,8,1.0,1.0,0
0,409,assisted,not_frontier,0,8,8,0.625,0.625,0
0,410,skill_free,not_frontier,0,8,8,1.0,1.0,0
0,411,assisted,full_skill_failure_pending_analysis,1,8,8,0.0,0.0,1
0,412,assisted,not_frontier,0,8,8,1.0,1.0,0
0,413,assisted,not_frontier,0,8,8,0.125,0.125,0
0,414,assisted,not_frontier,0,8,8,0.625,0.625,0
0,415,assisted,full_skill_failure_pending_analysis,1,8,8,0.0,0.0,1
0,416,skill_free,not_frontier,0,8,8,0.125,0.125,0
0,417,assisted,not_frontier,0,8,8,0.9166666666666667,0.5,0
0,418,assisted,not_frontier,0,8,8,1.0,1.0,0
0,419,skill_free,not_frontier,0,8,8,1.0,1.0,0
0,420,assisted,not_frontier,0,8,8,1.0,1.0,0
0,421,assisted,not_frontier,0,8,8,0.5,0.5,0
0,422,skill_free,not_frontier,0,8,8,1.0,1.0,0
0,423,assisted,not_frontier,0,8,8,0.25,0.25,0
0,424,assisted,not_frontier,0,8,8,1.0,1.0,0
0,425,assisted,full_skill_failure_pending_analysis,1,8,8,0.0,0.0,1
0,426,assisted,not_frontier,0,8,8,1.0,1.0,0
0,427,skill_free,not_frontier,0,8,8,0.875,0.875,0
0,428,skill_free,not_frontier,0,8,8,1.0,1.0,0
0,429,assisted,not_frontier,0,8,8,0.25,0.25,0
0,430,assisted,not_frontier,0,8,8,0.625,0.625,0
0,431,assisted,not_frontier,0,8,8,0.5,0.5,0
0,432,assisted,full_skill_failure_pending_analysis,1,8,8,0.5,0.0,1
0,433,assisted,not_frontier,0,8,8,0.25,0.25,0
0,434,assisted,not_frontier,0,8,8,1.0,1.0,0
0,435,assisted,full_skill_failure_pending_analysis,1,8,8,0.0,0.0,1
0,436,assisted,not_frontier,0,8,8,0.25,0.25,0
0,437,assisted,full_skill_failure_pending_analysis,1,8,8,0.0,0.0,1
0,438,assisted,not_frontier,0,8,8,1.0,1.0,0
0,439,skill_free,not_frontier,0,8,8,1.0,1.0,0
0,440,assisted,not_frontier,0,8,8,1.0,1.0,0
0,441,skill_free,not_frontier,0,8,8,0.5,0.5,0
0,442,assisted,not_frontier,0,8,8,1.0,1.0,0
0,443,assisted,not_frontier,0,8,8,1.0,1.0,0
0,444,assisted,not_frontier,0,8,8,0.75,0.75,0
0,445,assisted,not_frontier,0,8,8,1.0,1.0,0
0,446,assisted,not_frontier,0,8,8,0.375,0.375,0
0,447,assisted,full_skill_failure_pending_analysis,1,8,8,0.0,0.0,1
0,448,assisted,not_frontier,0,8,8,0.25,0.25,0
0,449,assisted,environment_or_runtime_error,1,8,8,0.0,0.0,1
0,450,assisted,not_frontier,0,8,8,1.0,1.0,0
0,451,assisted,full_skill_failure_pending_analysis,1,8,8,0.0,0.0,1
0,452,assisted,not_frontier,0,8,8,0.875,0.875,0
0,453,assisted,not_frontier,0,8,8,0.5833333333333334,0.5,0
0,454,assisted,not_frontier,0,8,8,0.875,0.875,0
0,455,assisted,not_frontier,0,8,8,0.875,0.75,0
0,456,assisted,not_frontier,0,8,8,1.0,1.0,0
0,457,assisted,not_frontier,0,8,8,1.0,1.0,0
0,458,assisted,not_frontier,0,8,8,0.875,0.875,0
0,459,assisted,not_frontier,0,8,8,0.625,0.625,0
0,460,skill_free,not_frontier,0,8,8,0.5,0.5,0
0,461,assisted,not_frontier,0,8,8,1.0,1.0,0
0,462,assisted,not_frontier,0,8,8,0.125,0.125,0
0,463,assisted,not_frontier,0,8,8,0.125,0.125,0
0,464,assisted,not_frontier,0,8,8,1.0,1.0,0
0,465,assisted,not_frontier,0,8,8,0.71875,0.625,0
0,466,skill_free,not_frontier,0,8,8,1.0,1.0,0
0,467,assisted,not_frontier,0,8,8,1.0,1.0,0
0,468,assisted,not_frontier,0,8,8,0.125,0.125,0
0,469,assisted,not_frontier,0,8,8,0.625,0.625,0
0,470,assisted,full_skill_failure_pending_analysis,1,8,8,0.0,0.0,1
0,471,assisted,not_frontier,0,8,8,0.125,0.125,0
0,472,skill_free,not_frontier,0,8,8,0.625,0.625,0
0,473,assisted,not_frontier,0,8,8,1.0,1.0,0
0,474,assisted,environment_or_runtime_error,0,8,6,0.5,0.5,0
0,475,assisted,not_frontier,0,8,8,1.0,1.0,0
0,476,skill_free,not_frontier,0,8,8,0.9375,0.875,0
0,477,assisted,not_frontier,0,8,8,1.0,1.0,0
0,478,skill_free,not_frontier,0,8,8,1.0,1.0,0
0,479,assisted,environment_or_runtime_error,0,8,5,0.6,0.6,0
0,480,assisted,not_frontier,0,8,8,1.0,1.0,0
0,481,assisted,not_frontier,0,8,8,1.0,1.0,0
0,482,assisted,not_frontier,0,8,8,1.0,1.0,0
0,483,assisted,not_frontier,0,8,8,1.0,1.0,0
0,484,assisted,not_frontier,0,8,8,0.875,0.875,0
0,485,assisted,not_frontier,0,8,8,1.0,1.0,0
0,486,assisted,not_frontier,0,8,8,1.0,1.0,0
0,487,skill_free,not_frontier,0,8,8,0.125,0.125,0
0,488,skill_free,not_frontier,0,8,8,1.0,1.0,0
0,489,assisted,not_frontier,0,8,8,0.5,0.5,0
0,490,assisted,not_frontier,0,8,8,1.0,1.0,0
0,491,skill_free,not_frontier,0,8,8,1.0,1.0,0
0,492,skill_free,not_frontier,0,8,8,0.125,0.125,0
0,493,assisted,not_frontier,0,8,8,0.375,0.375,0
0,494,assisted,not_frontier,0,8,8,0.75,0.75,0
0,495,assisted,not_frontier,0,8,8,1.0,1.0,0
0,496,assisted,not_frontier,0,8,8,0.875,0.875,0
0,497,assisted,not_frontier,0,8,8,0.875,0.875,0
0,498,assisted,not_frontier,0,8,8,1.0,1.0,0
0,499,assisted,not_frontier,0,8,8,0.375,0.375,0
0,500,assisted,not_frontier,0,8,8,1.0,1.0,0
0,501,skill_free,not_frontier,0,8,8,1.0,1.0,0
0,502,skill_free,not_frontier,0,8,8,0.875,0.875,0
0,503,assisted,not_frontier,0,8,8,0.375,0.375,0
0,504,assisted,not_frontier,0,8,8,1.0,1.0,0
0,505,assisted,not_frontier,0,8,8,1.0,1.0,0
0,506,assisted,not_frontier,0,8,8,1.0,1.0,0
0,507,assisted,not_frontier,0,8,8,1.0,1.0,0
0,508,assisted,full_skill_failure_pending_analysis,1,8,8,0.0,0.0,1
0,509,assisted,not_frontier,0,8,8,0.125,0.125,0
0,510,assisted,not_frontier,0,8,8,1.0,1.0,0
0,511,skill_free,not_frontier,0,8,8,1.0,1.0,0
0,512,assisted,not_frontier,0,8,8,1.0,1.0,0
0,513,assisted,not_frontier,0,8,8,0.625,0.625,0
0,514,assisted,not_frontier,0,8,8,1.0,1.0,0
0,515,assisted,not_frontier,0,8,8,1.0,1.0,0
0,516,skill_free,not_frontier,0,8,8,0.75,0.75,0
0,517,assisted,not_frontier,0,8,8,1.0,1.0,0
0,518,assisted,not_frontier,0,8,8,0.875,0.875,0
0,519,assisted,not_frontier,0,8,8,1.0,1.0,0
0,520,assisted,not_frontier,0,8,8,0.9375,0.875,0
0,521,assisted,not_frontier,0,8,8,0.625,0.625,0
0,522,assisted,not_frontier,0,8,8,1.0,1.0,0
0,523,assisted,not_frontier,0,8,8,0.5,0.5,0
0,524,assisted,not_frontier,0,8,8,0.75,0.75,0
0,525,skill_free,not_frontier,0,8,8,0.5,0.5,0
0,526,assisted,not_frontier,0,8,8,0.75,0.75,0
0,527,assisted,not_frontier,0,8,8,0.625,0.625,0
0,528,assisted,full_skill_failure_pending_analysis,1,8,8,0.09375,0.0,1
0,529,assisted,not_frontier,0,8,8,0.625,0.625,0
0,530,assisted,not_frontier,0,8,8,0.875,0.875,0
0,531,assisted,not_frontier,0,8,8,1.0,1.0,0
0,532,assisted,environment_or_runtime_error,0,8,7,0.42857142857142855,0.42857142857142855,0
0,533,assisted,full_skill_failure_pending_analysis,1,8,8,0.0,0.0,1
0,534,assisted,not_frontier,0,8,8,1.0,1.0,0
0,535,skill_free,not_frontier,0,8,8,0.875,0.875,0
0,536,assisted,not_frontier,0,8,8,1.0,1.0,0
0,537,assisted,not_frontier,0,8,8,1.0,1.0,0
0,538,skill_free,not_frontier,0,8,8,1.0,1.0,0
0,539,assisted,not_frontier,0,8,8,1.0,1.0,0
0,540,skill_free,not_frontier,0,8,8,0.375,0.375,0
0,541,assisted,not_frontier,0,8,8,1.0,1.0,0
0,542,assisted,not_frontier,0,8,8,1.0,1.0,0
0,543,skill_free,not_frontier,0,8,8,0.625,0.625,0
0,544,assisted,full_skill_failure_pending_analysis,1,8,8,0.0,0.0,1
0,545,assisted,full_skill_failure_pending_analysis,1,8,8,0.0,0.0,1
0,546,assisted,not_frontier,0,8,8,1.0,1.0,0
0,547,assisted,not_frontier,0,8,8,0.625,0.625,0
0,548,assisted,not_frontier,0,8,8,1.0,1.0,0
0,549,assisted,full_skill_failure_pending_analysis,1,8,8,0.0,0.0,1
0,550,assisted,not_frontier,0,8,8,1.0,1.0,0
0,551,assisted,full_skill_failure_pending_analysis,1,8,8,0.0625,0.0,1
0,552,assisted,not_frontier,0,8,8,1.0,1.0,0
0,553,assisted,not_frontier,0,8,8,0.7678571428571428,0.75,0
0,554,assisted,not_frontier,0,8,8,1.0,1.0,0
0,555,skill_free,not_frontier,0,8,8,1.0,1.0,0
0,556,assisted,not_frontier,0,8,8,0.625,0.625,0
0,557,assisted,not_frontier,0,8,8,1.0,1.0,0
0,558,assisted,full_skill_failure_pending_analysis,1,8,8,0.0,0.0,1
0,559,assisted,full_skill_failure_pending_analysis,1,8,8,0.0,0.0,1
0,560,assisted,not_frontier,0,8,8,0.625,0.625,0
0,561,assisted,full_skill_failure_pending_analysis,1,8,8,0.0,0.0,1
0,562,assisted,not_frontier,0,8,8,1.0,1.0,0
0,563,assisted,full_skill_failure_pending_analysis,1,8,8,0.296875,0.0,1
0,564,assisted,not_frontier,0,8,8,1.0,1.0,0
0,565,skill_free,not_frontier,0,8,8,0.5,0.5,0
0,566,skill_free,not_frontier,0,8,8,0.625,0.625,0
0,567,skill_free,not_frontier,0,8,8,0.875,0.875,0
0,568,assisted,not_frontier,0,8,8,1.0,1.0,0
0,569,assisted,full_skill_failure_pending_analysis,1,8,8,0.0,0.0,1
0,570,assisted,not_frontier,0,8,8,1.0,1.0,0
0,571,assisted,full_skill_failure_pending_analysis,1,8,8,0.0,0.0,1
0,572,assisted,not_frontier,0,8,8,1.0,1.0,0
0,573,assisted,full_skill_failure_pending_analysis,1,8,8,0.0,0.0,1
0,574,assisted,not_frontier,0,8,8,1.0,1.0,0
0,575,assisted,not_frontier,0,8,8,0.8125,0.75,0
0,576,assisted,not_frontier,0,8,8,1.0,1.0,0
0,577,skill_free,not_frontier,0,8,8,1.0,1.0,0
0,578,skill_free,not_frontier,0,8,8,1.0,1.0,0
0,579,skill_free,not_frontier,0,8,8,0.5,0.5,0
0,580,assisted,not_frontier,0,8,8,0.8875,0.875,0
0,581,skill_free,not_frontier,0,8,8,0.25,0.25,0
0,582,assisted,not_frontier,0,8,8,1.0,1.0,0
0,583,assisted,not_frontier,0,8,8,1.0,1.0,0
0,584,assisted,not_frontier,0,8,8,1.0,1.0,0
0,585,assisted,not_frontier,0,8,8,1.0,1.0,0
0,586,assisted,not_frontier,0,8,8,1.0,1.0,0
0,587,assisted,full_skill_failure_pending_analysis,1,8,8,0.0,0.0,1
0,588,assisted,not_frontier,0,8,8,1.0,1.0,0
0,589,assisted,not_frontier,0,8,8,0.875,0.875,0
0,590,assisted,full_skill_failure_pending_analysis,1,8,8,0.0,0.0,1
0,591,skill_free,not_frontier,0,8,8,1.0,1.0,0
0,592,skill_free,not_frontier,0,8,8,0.125,0.125,0
0,593,assisted,not_frontier,0,8,8,0.875,0.875,0
0,594,assisted,not_frontier,0,8,8,1.0,1.0,0
0,595,assisted,not_frontier,0,8,8,0.9583333333333333,0.875,0
0,596,skill_free,not_frontier,0,8,8,0.875,0.875,0
0,597,assisted,not_frontier,0,8,8,0.875,0.875,0
0,598,assisted,not_frontier,0,8,8,1.0,1.0,0
0,599,assisted,not_frontier,0,8,8,1.0,1.0,0
0,600,assisted,not_frontier,0,8,8,1.0,1.0,0
0,601,assisted,not_frontier,0,8,8,1.0,1.0,0
0,602,assisted,not_frontier,0,8,8,1.0,1.0,0
0,603,assisted,not_frontier,0,8,8,1.0,1.0,0
0,604,assisted,not_frontier,0,8,8,0.7613636363636365,0.625,0
0,605,assisted,not_frontier,0,8,8,1.0,1.0,0
0,606,assisted,not_frontier,0,8,8,1.0,1.0,0
0,607,skill_free,full_skill_failure_pending_analysis,1,8,8,0.0,0.0,1
0,608,skill_free,full_skill_failure_pending_analysis,1,8,8,0.0,0.0,1
0,609,skill_free,not_frontier,0,8,8,1.0,1.0,0
0,610,assisted,not_frontier,0,8,8,1.0,1.0,0
0,611,assisted,not_frontier,0,8,8,0.5,0.5,0
0,612,skill_free,not_frontier,0,8,8,0.875,0.875,0
0,613,assisted,not_frontier,0,8,8,1.0,1.0,0
0,614,assisted,not_frontier,0,8,8,0.375,0.375,0
0,615,assisted,not_frontier,0,8,8,0.75,0.75,0
0,616,assisted,not_frontier,0,8,8,0.875,0.875,0
0,617,assisted,not_frontier,0,8,8,1.0,1.0,0
0,618,assisted,not_frontier,0,8,8,0.625,0.625,0
0,619,assisted,not_frontier,0,8,8,0.875,0.875,0
0,620,assisted,not_frontier,0,8,8,1.0,1.0,0
0,621,assisted,not_frontier,0,8,8,1.0,1.0,0
0,622,assisted,not_frontier,0,8,8,0.125,0.125,0
0,623,assisted,full_skill_failure_pending_analysis,1,8,8,0.0,0.0,1
0,624,assisted,not_frontier,0,8,8,1.0,1.0,0
0,625,assisted,not_frontier,0,8,8,0.625,0.625,0
0,626,skill_free,not_frontier,0,8,8,1.0,1.0,0
0,627,skill_free,not_frontier,0,8,8,1.0,1.0,0
0,628,skill_free,not_frontier,0,8,8,1.0,1.0,0
0,629,assisted,not_frontier,0,8,8,1.0,1.0,0
0,630,assisted,not_frontier,0,8,8,0.6875,0.625,0
0,631,assisted,not_frontier,0,8,8,1.0,1.0,0
0,632,assisted,full_skill_failure_pending_analysis,1,8,8,0.171875,0.0,1
0,633,assisted,not_frontier,0,8,8,0.875,0.875,0
0,634,assisted,full_skill_failure_pending_analysis,1,8,8,0.0,0.0,1
0,635,assisted,not_frontier,0,8,8,0.25,0.25,0
0,636,assisted,not_frontier,0,8,8,0.875,0.875,0
0,637,assisted,not_frontier,0,8,8,1.0,1.0,0
0,638,assisted,not_frontier,0,8,8,1.0,1.0,0
0,639,assisted,not_frontier,0,8,8,0.75,0.75,0
1,640,assisted,not_frontier,0,8,8,1.0,1.0,0
1,641,skill_free,not_frontier,0,8,8,1.0,1.0,0
1,642,assisted,not_frontier,0,8,8,0.5,0.5,0
1,643,assisted,not_frontier,0,8,8,1.0,1.0,0
1,644,assisted,not_frontier,0,8,8,1.0,1.0,0
1,645,assisted,not_frontier,0,8,8,1.0,1.0,0
1,646,assisted,not_frontier,0,8,8,1.0,1.0,0
1,647,assisted,not_frontier,0,8,8,0.875,0.875,0
1,648,assisted,not_frontier,0,8,8,0.75,0.75,0
1,649,assisted,not_frontier,0,8,8,1.0,1.0,0
1,650,assisted,not_frontier,0,8,8,1.0,1.0,0
1,651,assisted,not_frontier,0,8,8,0.625,0.625,0
1,652,assisted,not_frontier,0,8,8,1.0,1.0,0
1,653,assisted,not_frontier,0,8,8,1.0,1.0,0
1,654,assisted,not_frontier,0,8,8,1.0,1.0,0
1,655,assisted,not_frontier,0,8,8,1.0,1.0,0
1,656,assisted,not_frontier,0,8,8,0.7916666666666666,0.625,0
1,657,assisted,full_skill_failure_pending_analysis,1,8,8,0.0,0.0,1
1,658,assisted,not_frontier,0,8,8,1.0,1.0,0
1,659,assisted,not_frontier,0,8,8,0.875,0.875,0
1,660,assisted,not_frontier,0,8,8,1.0,1.0,0
1,661,assisted,not_frontier,0,8,8,0.75,0.75,0
1,662,assisted,not_frontier,0,8,8,0.5,0.5,0
1,663,assisted,not_frontier,0,8,8,0.75,0.75,0
1,664,assisted,not_frontier,0,8,8,1.0,1.0,0
1,665,assisted,not_frontier,0,8,8,0.5,0.5,0
1,666,assisted,not_frontier,0,8,8,1.0,1.0,0
1,667,assisted,not_frontier,0,8,8,0.875,0.875,0
1,668,assisted,not_frontier,0,8,8,1.0,1.0,0
1,669,skill_free,not_frontier,0,8,8,1.0,1.0,0
1,670,assisted,not_frontier,0,8,8,0.75,0.75,0
1,671,assisted,not_frontier,0,8,8,1.0,1.0,0
1,672,assisted,not_frontier,0,8,8,1.0,1.0,0
1,673,assisted,not_frontier,0,8,8,0.875,0.875,0
1,674,assisted,not_frontier,0,8,8,1.0,1.0,0
1,675,skill_free,not_frontier,0,8,8,0.875,0.875,0
1,676,assisted,not_frontier,0,8,8,1.0,1.0,0
1,677,assisted,not_frontier,0,8,8,0.125,0.125,0
1,678,skill_free,not_frontier,0,8,8,0.75,0.75,0
1,679,assisted,not_frontier,0,8,8,1.0,1.0,0
1,680,assisted,not_frontier,0,8,8,1.0,1.0,0
1,681,assisted,not_frontier,0,8,8,1.0,1.0,0
1,682,assisted,not_frontier,0,8,8,1.0,1.0,0
1,683,assisted,not_frontier,0,8,8,0.8392857142857142,0.625,0
1,684,assisted,not_frontier,0,8,8,1.0,1.0,0
1,685,assisted,not_frontier,0,8,8,1.0,1.0,0
1,686,skill_free,not_frontier,0,8,8,1.0,1.0,0
1,687,assisted,not_frontier,0,8,8,0.9375,0.875,0
1,688,assisted,not_frontier,0,8,8,0.875,0.875,0
1,689,assisted,not_frontier,0,8,8,0.375,0.375,0
1,690,assisted,not_frontier,0,8,8,0.8125,0.625,0
1,691,assisted,not_frontier,0,8,8,1.0,1.0,0
1,692,skill_free,model_internalization_deficit,1,8,8,0.0,0.0,1
1,693,skill_free,not_frontier,0,8,8,0.25,0.25,0
1,694,assisted,not_frontier,0,8,8,0.125,0.125,0
1,695,assisted,not_frontier,0,8,8,0.5,0.5,0
1,696,assisted,full_skill_failure_pending_analysis,1,8,8,0.0,0.0,1
1,697,assisted,not_frontier,0,8,8,1.0,1.0,0
1,698,assisted,not_frontier,0,8,8,1.0,1.0,0
1,699,assisted,not_frontier,0,8,8,0.875,0.875,0
1,700,skill_free,not_frontier,0,8,8,0.75,0.75,0
1,701,assisted,not_frontier,0,8,8,0.375,0.375,0
1,702,skill_free,not_frontier,0,8,8,0.25,0.25,0
1,703,assisted,not_frontier,0,8,8,1.0,1.0,0
1,704,assisted,not_frontier,0,8,8,1.0,1.0,0
1,705,skill_free,not_frontier,0,8,8,1.0,1.0,0
1,706,assisted,not_frontier,0,8,8,1.0,1.0,0
1,707,assisted,not_frontier,0,8,8,1.0,1.0,0
1,708,assisted,not_frontier,0,8,8,0.5,0.5,0
1,709,assisted,not_frontier,0,8,8,1.0,1.0,0
1,710,assisted,not_frontier,0,8,8,1.0,1.0,0
1,711,assisted,not_frontier,0,8,8,0.875,0.875,0
1,712,assisted,not_frontier,0,8,8,1.0,1.0,0
1,713,assisted,full_skill_failure_pending_analysis,1,8,8,0.0,0.0,1
1,714,assisted,not_frontier,0,8,8,0.375,0.375,0
1,715,assisted,full_skill_failure_pending_analysis,1,8,8,0.0,0.0,1
1,716,assisted,not_frontier,0,8,8,1.0,1.0,0
1,717,assisted,not_frontier,0,8,8,1.0,1.0,0
1,718,assisted,not_frontier,0,8,8,1.0,1.0,0
1,719,assisted,not_frontier,0,8,8,1.0,1.0,0
1,720,assisted,not_frontier,0,8,8,1.0,1.0,0
1,721,assisted,not_frontier,0,8,8,1.0,1.0,0
1,722,assisted,not_frontier,0,8,8,1.0,1.0,0
1,723,assisted,not_frontier,0,8,8,1.0,1.0,0
1,724,assisted,not_frontier,0,8,8,0.875,0.875,0
1,725,assisted,not_frontier,0,8,8,1.0,1.0,0
1,726,assisted,not_frontier,0,8,8,1.0,1.0,0
1,727,assisted,not_frontier,0,8,8,1.0,1.0,0
1,728,assisted,full_skill_failure_pending_analysis,1,8,8,0.0,0.0,1
1,729,skill_free,not_frontier,0,8,8,0.875,0.875,0
1,730,assisted,not_frontier,0,8,8,0.625,0.625,0
1,731,assisted,not_frontier,0,8,8,1.0,1.0,0
1,732,assisted,not_frontier,0,8,8,0.875,0.875,0
1,733,assisted,full_skill_failure_pending_analysis,1,8,8,0.08333333333333333,0.0,1
1,734,assisted,full_skill_failure_pending_analysis,1,8,8,0.0,0.0,1
1,735,assisted,not_frontier,0,8,8,0.875,0.875,0
1,736,assisted,not_frontier,0,8,8,1.0,1.0,0
1,737,assisted,not_frontier,0,8,8,1.0,1.0,0
1,738,assisted_empty,not_frontier,0,8,8,0.625,0.625,0
1,739,assisted,not_frontier,0,8,8,0.625,0.375,0
1,740,assisted,not_frontier,0,8,8,0.875,0.875,0
1,741,assisted,not_frontier,0,8,8,1.0,1.0,0
1,742,skill_free,full_skill_failure_pending_analysis,1,8,8,0.0,0.0,1
1,743,skill_free,not_frontier,0,8,8,1.0,1.0,0
1,744,assisted,full_skill_failure_pending_analysis,1,8,8,0.0,0.0,1
1,745,assisted,not_frontier,0,8,8,1.0,1.0,0
1,746,assisted,not_frontier,0,8,8,1.0,1.0,0
1,747,assisted,not_frontier,0,8,8,1.0,1.0,0
1,748,assisted,not_frontier,0,8,8,1.0,1.0,0
1,749,skill_free,not_frontier,0,8,8,0.875,0.875,0
1,750,assisted,not_frontier,0,8,8,1.0,1.0,0
1,751,assisted,not_frontier,0,8,8,1.0,1.0,0
1,752,assisted,not_frontier,0,8,8,1.0,1.0,0
1,753,assisted,not_frontier,0,8,8,1.0,1.0,0
1,754,assisted,not_frontier,0,8,8,1.0,1.0,0
1,755,assisted,not_frontier,0,8,8,1.0,1.0,0
1,756,assisted,not_frontier,0,8,8,1.0,1.0,0
1,757,assisted,not_frontier,0,8,8,1.0,1.0,0
1,758,assisted,not_frontier,0,8,8,0.75,0.75,0
1,759,assisted,full_skill_failure_pending_analysis,1,8,8,0.0,0.0,1
1,760,assisted,not_frontier,0,8,8,1.0,1.0,0
1,761,assisted,not_frontier,0,8,8,1.0,1.0,0
1,762,assisted,not_frontier,0,8,8,1.0,1.0,0
1,763,skill_free,not_frontier,0,8,8,1.0,1.0,0
1,764,assisted,not_frontier,0,8,8,1.0,1.0,0
1,765,assisted,not_frontier,0,8,8,1.0,1.0,0
1,766,assisted,full_skill_failure_pending_analysis,1,8,8,0.0,0.0,1
1,767,assisted,not_frontier,0,8,8,0.5,0.5,0
1,768,assisted,not_frontier,0,8,8,0.7083333333333333,0.5,0
1,769,assisted,not_frontier,0,8,8,1.0,1.0,0
1,770,assisted,not_frontier,0,8,8,1.0,1.0,0
1,771,assisted,not_frontier,0,8,8,0.75,0.75,0
1,772,assisted,not_frontier,0,8,8,1.0,1.0,0
1,773,assisted,not_frontier,0,8,8,0.5,0.5,0
1,774,skill_free,not_frontier,0,8,8,1.0,1.0,0
1,775,assisted,not_frontier,0,8,8,1.0,1.0,0
1,776,skill_free,not_frontier,0,8,8,1.0,1.0,0
1,777,assisted,not_frontier,0,8,8,1.0,1.0,0
1,778,assisted,not_frontier,0,8,8,0.5,0.5,0
1,779,assisted,not_frontier,0,8,8,0.875,0.875,0
1,780,skill_free,not_frontier,0,8,8,0.375,0.375,0
1,781,assisted,not_frontier,0,8,8,1.0,1.0,0
1,782,assisted,not_frontier,0,8,8,1.0,1.0,0
1,783,assisted,full_skill_failure_pending_analysis,1,8,8,0.0,0.0,1
1,784,assisted,not_frontier,0,8,8,0.75,0.75,0
1,785,assisted,not_frontier,0,8,8,1.0,1.0,0
1,786,assisted,not_frontier,0,8,8,1.0,1.0,0
1,787,skill_free,not_frontier,0,8,8,1.0,1.0,0
1,788,assisted,not_frontier,0,8,8,0.125,0.125,0
1,789,assisted,not_frontier,0,8,8,1.0,1.0,0
1,790,assisted,not_frontier,0,8,8,1.0,1.0,0
1,791,assisted,not_frontier,0,8,8,1.0,1.0,0
1,792,assisted,not_frontier,0,8,8,1.0,1.0,0
1,793,assisted,not_frontier,0,8,8,1.0,1.0,0
1,794,assisted,not_frontier,0,8,8,1.0,1.0,0
1,795,assisted,full_skill_failure_pending_analysis,1,8,8,0.0,0.0,1
1,796,assisted,not_frontier,0,8,8,1.0,1.0,0
1,797,assisted,not_frontier,0,8,8,1.0,1.0,0
1,798,skill_free,not_frontier,0,8,8,1.0,1.0,0
1,799,assisted,not_frontier,0,8,8,0.875,0.875,0
1,800,assisted,not_frontier,0,8,8,1.0,1.0,0
1,801,skill_free,not_frontier,0,8,8,1.0,1.0,0
1,802,assisted,not_frontier,0,8,8,1.0,1.0,0
1,803,assisted,not_frontier,0,8,8,1.0,1.0,0
1,804,assisted,not_frontier,0,8,8,1.0,1.0,0
1,805,skill_free,not_frontier,0,8,8,0.875,0.875,0
1,806,assisted,not_frontier,0,8,8,1.0,1.0,0
1,807,assisted,not_frontier,0,8,8,0.625,0.625,0
1,808,assisted,not_frontier,0,8,8,0.875,0.875,0
1,809,assisted,not_frontier,0,8,8,1.0,1.0,0
1,810,assisted,not_frontier,0,8,8,1.0,1.0,0
1,811,assisted,not_frontier,0,8,8,1.0,1.0,0
1,812,skill_free,not_frontier,0,8,8,0.75,0.75,0
1,813,assisted,not_frontier,0,8,8,1.0,1.0,0
1,814,assisted,not_frontier,0,8,8,1.0,1.0,0
1,815,assisted,not_frontier,0,8,8,1.0,1.0,0
1,816,assisted,not_frontier,0,8,8,1.0,1.0,0
1,817,assisted,not_frontier,0,8,8,1.0,1.0,0
1,818,assisted,not_frontier,0,8,8,0.625,0.625,0
1,819,skill_free,not_frontier,0,8,8,1.0,1.0,0
1,820,skill_free,not_frontier,0,8,8,0.125,0.125,0
1,821,assisted,not_frontier,0,8,8,0.375,0.375,0
1,822,assisted,not_frontier,0,8,8,1.0,1.0,0
1,823,skill_free,not_frontier,0,8,8,1.0,1.0,0
1,824,assisted,full_skill_failure_pending_analysis,1,8,8,0.0,0.0,1
1,825,assisted,not_frontier,0,8,8,0.875,0.875,0
1,826,assisted,not_frontier,0,8,8,1.0,1.0,0
1,827,skill_free,not_frontier,0,8,8,0.925,0.875,0
1,828,assisted,full_skill_failure_pending_analysis,1,8,8,0.0,0.0,1
1,829,assisted,full_skill_failure_pending_analysis,1,8,8,0.0,0.0,1
1,830,assisted,not_frontier,0,8,8,1.0,1.0,0
1,831,skill_free,not_frontier,0,8,8,1.0,1.0,0
1,832,assisted,not_frontier,0,8,8,1.0,1.0,0
1,833,assisted,not_frontier,0,8,8,1.0,1.0,0
1,834,skill_free,not_frontier,0,8,8,1.0,1.0,0
1,835,assisted,not_frontier,0,8,8,1.0,1.0,0
1,836,assisted,not_frontier,0,8,8,1.0,1.0,0
1,837,assisted,not_frontier,0,8,8,1.0,1.0,0
1,838,assisted,not_frontier,0,8,8,1.0,1.0,0
1,839,assisted,not_frontier,0,8,8,1.0,1.0,0
1,840,assisted,not_frontier,0,8,8,1.0,1.0,0
1,841,assisted,not_frontier,0,8,8,1.0,1.0,0
1,842,assisted,not_frontier,0,8,8,1.0,1.0,0
1,843,assisted,not_frontier,0,8,8,0.875,0.875,0
1,844,assisted,not_frontier,0,8,8,0.625,0.625,0
1,845,assisted,not_frontier,0,8,8,1.0,1.0,0
1,846,assisted,not_frontier,0,8,8,1.0,1.0,0
1,847,skill_free,not_frontier,0,8,8,1.0,1.0,0
1,848,assisted,not_frontier,0,8,8,0.5,0.5,0
1,849,assisted,not_frontier,0,8,8,1.0,1.0,0
1,850,assisted,not_frontier,0,8,8,1.0,1.0,0
1,851,assisted,not_frontier,0,8,8,1.0,1.0,0
1,852,assisted,not_frontier,0,8,8,0.75,0.75,0
1,853,assisted,full_skill_failure_pending_analysis,1,8,8,0.0,0.0,1
1,854,assisted,not_frontier,0,8,8,0.875,0.875,0
1,855,assisted,not_frontier,0,8,8,1.0,1.0,0
1,856,assisted,not_frontier,0,8,8,1.0,1.0,0
1,857,assisted,not_frontier,0,8,8,1.0,1.0,0
1,858,assisted,not_frontier,0,8,8,1.0,1.0,0
1,859,assisted,not_frontier,0,8,8,1.0,1.0,0
1,860,assisted,not_frontier,0,8,8,0.875,0.875,0
1,861,skill_free,not_frontier,0,8,8,1.0,1.0,0
1,862,assisted,not_frontier,0,8,8,1.0,1.0,0
1,863,assisted,not_frontier,0,8,8,1.0,1.0,0
1,864,assisted,full_skill_failure_pending_analysis,1,8,8,0.0,0.0,1
1,865,assisted,not_frontier,0,8,8,1.0,1.0,0
1,866,assisted,not_frontier,0,8,8,1.0,1.0,0
1,867,assisted,not_frontier,0,8,8,0.875,0.875,0
1,868,skill_free,not_frontier,0,8,8,1.0,1.0,0
1,869,assisted,not_frontier,0,8,8,1.0,1.0,0
1,870,assisted,not_frontier,0,8,8,1.0,1.0,0
1,871,assisted,not_frontier,0,8,8,1.0,1.0,0
1,872,assisted,not_frontier,0,8,8,1.0,1.0,0
1,873,assisted,not_frontier,0,8,8,1.0,1.0,0
1,874,skill_free,not_frontier,0,8,8,0.875,0.875,0
1,875,assisted,not_frontier,0,8,8,1.0,1.0,0
1,876,assisted,not_frontier,0,8,8,1.0,1.0,0
1,877,assisted,not_frontier,0,8,8,1.0,1.0,0
1,878,assisted,not_frontier,0,8,8,1.0,1.0,0
1,879,assisted,not_frontier,0,8,8,1.0,1.0,0
1,880,assisted,not_frontier,0,8,8,1.0,1.0,0
1,881,assisted,not_frontier,0,8,8,0.875,0.875,0
1,882,assisted,full_skill_failure_pending_analysis,1,8,8,0.0,0.0,1
1,883,skill_free,not_frontier,0,8,8,0.75,0.75,0
1,884,assisted,not_frontier,0,8,8,1.0,1.0,0
1,885,skill_free,not_frontier,0,8,8,0.125,0.125,0
1,886,assisted,not_frontier,0,8,8,0.75,0.75,0
1,887,assisted,not_frontier,0,8,8,1.0,1.0,0
1,888,assisted,not_frontier,0,8,8,1.0,1.0,0
1,889,assisted,not_frontier,0,8,8,1.0,1.0,0
1,890,assisted,not_frontier,0,8,8,1.0,1.0,0
1,891,assisted,not_frontier,0,8,8,1.0,1.0,0
1,892,assisted,not_frontier,0,8,8,0.875,0.875,0
1,893,assisted,not_frontier,0,8,8,1.0,1.0,0
1,894,assisted,not_frontier,0,8,8,0.875,0.875,0
1,895,skill_free,not_frontier,0,8,8,1.0,1.0,0
1,896,skill_free,not_frontier,0,8,8,1.0,1.0,0
1,897,assisted,not_frontier,0,8,8,1.0,1.0,0
1,898,assisted,not_frontier,0,8,8,1.0,1.0,0
1,899,skill_free,not_frontier,0,8,8,0.125,0.125,0
1,900,assisted,not_frontier,0,8,8,1.0,1.0,0
1,901,assisted,not_frontier,0,8,8,0.5,0.375,0
1,902,assisted,not_frontier,0,8,8,1.0,1.0,0
1,903,skill_free,not_frontier,0,8,8,1.0,1.0,0
1,904,assisted,not_frontier,0,8,8,1.0,1.0,0
1,905,assisted,full_skill_failure_pending_analysis,1,8,8,0.0,0.0,1
1,906,assisted,not_frontier,0,8,8,1.0,1.0,0
1,907,skill_free,not_frontier,0,8,8,1.0,1.0,0
1,908,assisted,not_frontier,0,8,8,0.875,0.875,0
1,909,assisted,not_frontier,0,8,8,0.875,0.875,0
1,910,assisted,full_skill_failure_pending_analysis,1,8,8,0.0,0.0,1
1,911,skill_free,not_frontier,0,8,8,1.0,1.0,0
1,912,assisted,not_frontier,0,8,8,0.875,0.875,0
1,913,assisted,not_frontier,0,8,8,0.875,0.875,0
1,914,assisted,not_frontier,0,8,8,0.625,0.625,0
1,915,assisted,not_frontier,0,8,8,0.75,0.75,0
1,916,assisted,not_frontier,0,8,8,1.0,1.0,0
1,917,assisted,not_frontier,0,8,8,1.0,1.0,0
1,918,assisted,not_frontier,0,8,8,0.975,0.875,0
1,919,assisted,not_frontier,0,8,8,0.875,0.875,0
1,920,skill_free,not_frontier,0,8,8,0.5,0.5,0
1,921,skill_free,not_frontier,0,8,8,1.0,1.0,0
1,922,assisted,not_frontier,0,8,8,1.0,1.0,0
1,923,skill_free,not_frontier,0,8,8,1.0,1.0,0
1,924,assisted,not_frontier,0,8,8,1.0,1.0,0
1,925,skill_free,not_frontier,0,8,8,1.0,1.0,0
1,926,assisted,not_frontier,0,8,8,1.0,1.0,0
1,927,skill_free,not_frontier,0,8,8,1.0,1.0,0
1,928,assisted,not_frontier,0,8,8,1.0,1.0,0
1,929,skill_free,not_frontier,0,8,8,1.0,1.0,0
1,930,assisted,not_frontier,0,8,8,1.0,1.0,0
1,931,skill_free,not_frontier,0,8,8,1.0,1.0,0
1,932,assisted,not_frontier,0,8,8,1.0,1.0,0
1,933,skill_free,not_frontier,0,8,8,0.3333333333333333,0.25,0
1,934,assisted,not_frontier,0,8,8,1.0,1.0,0
1,935,assisted,not_frontier,0,8,8,1.0,1.0,0
1,936,skill_free,not_frontier,0,8,8,1.0,1.0,0
1,937,assisted,not_frontier,0,8,8,0.875,0.875,0
1,938,assisted,not_frontier,0,8,8,0.125,0.125,0
1,939,assisted,not_frontier,0,8,8,1.0,1.0,0
1,940,skill_free,full_skill_failure_pending_analysis,1,8,8,0.0,0.0,1
1,941,assisted,not_frontier,0,8,8,1.0,1.0,0
1,942,assisted,not_frontier,0,8,8,1.0,1.0,0
1,943,skill_free,not_frontier,0,8,8,1.0,1.0,0
1,944,skill_free,not_frontier,0,8,8,1.0,1.0,0
1,945,skill_free,not_frontier,0,8,8,1.0,1.0,0
1,946,assisted,not_frontier,0,8,8,1.0,1.0,0
1,947,assisted,not_frontier,0,8,8,1.0,1.0,0
1,948,assisted,not_frontier,0,8,8,1.0,1.0,0
1,949,assisted,not_frontier,0,8,8,0.375,0.375,0
1,950,assisted,not_frontier,0,8,8,0.25,0.25,0
1,951,assisted,not_frontier,0,8,8,0.375,0.375,0
1,952,assisted,not_frontier,0,8,8,0.75,0.75,0
1,953,assisted,not_frontier,0,8,8,0.875,0.875,0
1,954,assisted,not_frontier,0,8,8,1.0,1.0,0
1,955,assisted,not_frontier,0,8,8,0.8181818181818181,0.75,0
1,956,assisted,not_frontier,0,8,8,1.0,1.0,0
1,957,assisted,not_frontier,0,8,8,1.0,1.0,0
1,958,assisted,not_frontier,0,8,8,1.0,1.0,0
1,959,skill_free,not_frontier,0,8,8,1.0,1.0,0
1,960,assisted,full_skill_failure_pending_analysis,1,8,8,0.35714285714285715,0.0,1
1,961,assisted,not_frontier,0,8,8,1.0,1.0,0
1,962,assisted,not_frontier,0,8,8,1.0,1.0,0
1,963,assisted,not_frontier,0,8,8,1.0,1.0,0
1,964,assisted,not_frontier,0,8,8,0.875,0.875,0
1,965,assisted,full_skill_failure_pending_analysis,1,8,8,0.0,0.0,1
1,966,assisted,not_frontier,0,8,8,1.0,1.0,0
1,967,assisted,not_frontier,0,8,8,1.0,1.0,0
1,968,assisted,full_skill_failure_pending_analysis,1,8,8,0.0625,0.0,1
1,969,assisted,not_frontier,0,8,8,1.0,1.0,0
1,970,assisted,not_frontier,0,8,8,1.0,1.0,0
1,971,skill_free,not_frontier,0,8,8,1.0,1.0,0
1,972,skill_free,not_frontier,0,8,8,1.0,1.0,0
1,973,assisted,not_frontier,0,8,8,1.0,1.0,0
1,974,assisted,full_skill_failure_pending_analysis,1,8,8,0.0,0.0,1
1,975,assisted,not_frontier,0,8,8,1.0,1.0,0
1,976,assisted,not_frontier,0,8,8,0.5,0.5,0
1,977,skill_free,not_frontier,0,8,8,0.875,0.875,0
1,978,assisted,not_frontier,0,8,8,0.75,0.75,0
1,979,skill_free,not_frontier,0,8,8,1.0,1.0,0
1,980,skill_free,not_frontier,0,8,8,1.0,1.0,0
1,981,assisted,not_frontier,0,8,8,1.0,1.0,0
1,982,assisted,not_frontier,0,8,8,1.0,1.0,0
1,983,skill_free,full_skill_failure_pending_analysis,1,8,8,0.0,0.0,1
1,984,assisted,full_skill_failure_pending_analysis,1,8,8,0.0,0.0,1
1,985,assisted,not_frontier,0,8,8,1.0,1.0,0
1,986,assisted,not_frontier,0,8,8,0.25,0.25,0
1,987,assisted,not_frontier,0,8,8,1.0,1.0,0
1,988,skill_free,not_frontier,0,8,8,0.4027777777777778,0.125,0
1,989,assisted,full_skill_failure_pending_analysis,1,8,8,0.0,0.0,1
1,990,assisted,full_skill_failure_pending_analysis,1,8,8,0.0,0.0,1
1,991,assisted,not_frontier,0,8,8,1.0,1.0,0
1,992,assisted,not_frontier,0,8,8,1.0,1.0,0
1,993,skill_free,not_frontier,0,8,8,1.0,1.0,0
1,994,assisted,not_frontier,0,8,8,0.875,0.875,0
1,995,assisted,not_frontier,0,8,8,0.75,0.75,0
1,996,assisted,full_skill_failure_pending_analysis,1,8,8,0.0,0.0,1
1,997,skill_free,not_frontier,0,8,8,1.0,1.0,0
1,998,skill_free,not_frontier,0,8,8,1.0,1.0,0
1,999,skill_free,not_frontier,0,8,8,0.875,0.875,0
1,1000,assisted,not_frontier,0,8,8,1.0,1.0,0
1,1001,skill_free,not_frontier,0,8,8,1.0,1.0,0
1,1002,assisted,not_frontier,0,8,8,1.0,1.0,0
1,1003,assisted,not_frontier,0,8,8,0.75,0.75,0
1,1004,assisted,not_frontier,0,8,8,1.0,1.0,0
1,1005,skill_free,not_frontier,0,8,8,1.0,1.0,0
1,1006,assisted,not_frontier,0,8,8,0.75,0.75,0
1,1007,assisted,full_skill_failure_pending_analysis,1,8,8,0.0,0.0,1
1,1008,skill_free,full_skill_failure_pending_analysis,1,8,8,0.0,0.0,1
1,1009,skill_free,not_frontier,0,8,8,1.0,1.0,0
1,1010,assisted,not_frontier,0,8,8,1.0,1.0,0
1,1011,assisted,not_frontier,0,8,8,1.0,1.0,0
1,1012,skill_free,not_frontier,0,8,8,1.0,1.0,0
1,1013,assisted,not_frontier,0,8,8,1.0,1.0,0
1,1014,assisted,not_frontier,0,8,8,0.125,0.125,0
1,1015,skill_free,not_frontier,0,8,8,1.0,1.0,0
1,1016,assisted,not_frontier,0,8,8,0.625,0.625,0
1,1017,assisted,not_frontier,0,8,8,1.0,1.0,0
1,1018,skill_free,not_frontier,0,8,8,0.75,0.75,0
1,1019,assisted,not_frontier,0,8,8,0.625,0.625,0
1,1020,assisted,not_frontier,0,8,8,1.0,1.0,0
1,1021,assisted,not_frontier,0,8,8,0.875,0.875,0
1,1022,assisted,not_frontier,0,8,8,1.0,1.0,0
1,1023,assisted,not_frontier,0,8,8,1.0,1.0,0
1,1024,assisted,not_frontier,0,8,8,0.875,0.875,0
1,1025,assisted,not_frontier,0,8,8,1.0,1.0,0
1,1026,assisted,not_frontier,0,8,8,1.0,1.0,0
1,1027,assisted,not_frontier,0,8,8,1.0,1.0,0
1,1028,assisted,not_frontier,0,8,8,1.0,1.0,0
1,1029,skill_free,not_frontier,0,8,8,1.0,1.0,0
1,1030,assisted,not_frontier,0,8,8,1.0,1.0,0
1,1031,assisted,not_frontier,0,8,8,1.0,1.0,0
1,1032,assisted,not_frontier,0,8,8,1.0,1.0,0
1,1033,assisted,not_frontier,0,8,8,1.0,1.0,0
1,1034,assisted,not_frontier,0,8,8,1.0,1.0,0
1,1035,assisted,full_skill_failure_pending_analysis,1,8,8,0.06944444444444445,0.0,1
1,1036,assisted,not_frontier,0,8,8,0.125,0.125,0
1,1037,skill_free,not_frontier,0,8,8,1.0,1.0,0
1,1038,assisted,not_frontier,0,8,8,1.0,1.0,0
1,1039,assisted,not_frontier,0,8,8,1.0,1.0,0
1,1040,assisted,not_frontier,0,8,8,0.125,0.125,0
1,1041,assisted,not_frontier,0,8,8,1.0,1.0,0
1,1042,skill_free,not_frontier,0,8,8,1.0,1.0,0
1,1043,assisted,not_frontier,0,8,8,0.625,0.625,0
1,1044,assisted,not_frontier,0,8,8,1.0,1.0,0
1,1045,assisted,not_frontier,0,8,8,0.875,0.875,0
1,1046,assisted,not_frontier,0,8,8,0.875,0.875,0
1,1047,assisted,not_frontier,0,8,8,1.0,1.0,0
1,1048,assisted,not_frontier,0,8,8,1.0,1.0,0
1,1049,assisted,full_skill_failure_pending_analysis,1,8,8,0.0,0.0,1
1,1050,assisted,not_frontier,0,8,8,1.0,1.0,0
1,1051,assisted,not_frontier,0,8,8,1.0,1.0,0
1,1052,assisted,full_skill_failure_pending_analysis,1,8,8,0.0,0.0,1
1,1053,assisted,not_frontier,0,8,8,1.0,1.0,0
1,1054,assisted,not_frontier,0,8,8,1.0,1.0,0
1,1055,assisted,not_frontier,0,8,8,1.0,1.0,0
1,1056,assisted,not_frontier,0,8,8,1.0,1.0,0
1,1057,assisted,not_frontier,0,8,8,1.0,1.0,0
1,1058,skill_free,not_frontier,0,8,8,1.0,1.0,0
1,1059,assisted,full_skill_failure_pending_analysis,1,8,8,0.0,0.0,1
1,1060,assisted,not_frontier,0,8,8,1.0,1.0,0
1,1061,assisted,not_frontier,0,8,8,0.25,0.25,0
1,1062,skill_free,not_frontier,0,8,8,1.0,1.0,0
1,1063,assisted,not_frontier,0,8,8,1.0,1.0,0
1,1064,assisted,full_skill_failure_pending_analysis,1,8,8,0.0,0.0,1
1,1065,assisted,not_frontier,0,8,8,1.0,1.0,0
1,1066,assisted,not_frontier,0,8,8,1.0,1.0,0
1,1067,assisted,not_frontier,0,8,8,1.0,1.0,0
1,1068,assisted,not_frontier,0,8,8,0.75,0.75,0
1,1069,assisted,full_skill_failure_pending_analysis,1,8,8,0.0,0.0,1
1,1070,assisted,not_frontier,0,8,8,1.0,1.0,0
1,1071,assisted,not_frontier,0,8,8,0.75,0.75,0
1,1072,skill_free,not_frontier,0,8,8,0.875,0.875,0
1,1073,skill_free,not_frontier,0,8,8,0.5,0.5,0
1,1074,assisted,not_frontier,0,8,8,1.0,1.0,0
1,1075,assisted,not_frontier,0,8,8,0.875,0.875,0
1,1076,assisted,not_frontier,0,8,8,1.0,1.0,0
1,1077,assisted,not_frontier,0,8,8,0.25,0.25,0
1,1078,assisted,full_skill_failure_pending_analysis,1,8,8,0.0,0.0,1
1,1079,assisted,not_frontier,0,8,8,1.0,1.0,0
1,1080,assisted,not_frontier,0,8,8,0.875,0.875,0
1,1081,assisted,not_frontier,0,8,8,0.625,0.25,0
1,1082,assisted,not_frontier,0,8,8,1.0,1.0,0
1,1083,assisted,not_frontier,0,8,8,1.0,1.0,0
1,1084,skill_free,not_frontier,0,8,8,1.0,1.0,0
1,1085,skill_free,not_frontier,0,8,8,1.0,1.0,0
1,1086,assisted,not_frontier,0,8,8,1.0,1.0,0
1,1087,assisted,not_frontier,0,8,8,1.0,1.0,0
1,1088,skill_free,not_frontier,0,8,8,1.0,1.0,0
1,1089,assisted,not_frontier,0,8,8,1.0,1.0,0
1,1090,assisted,not_frontier,0,8,8,0.75,0.75,0
1,1091,assisted,not_frontier,0,8,8,1.0,1.0,0
1,1092,assisted,not_frontier,0,8,8,0.375,0.375,0
1,1093,assisted,not_frontier,0,8,8,1.0,1.0,0
1,1094,assisted,full_skill_failure_pending_analysis,1,8,8,0.0,0.0,1
1,1095,assisted,not_frontier,0,8,8,1.0,1.0,0
1,1096,assisted,full_skill_failure_pending_analysis,1,8,8,0.0,0.0,1
1,1097,skill_free,not_frontier,0,8,8,1.0,1.0,0
1,1098,assisted,not_frontier,0,8,8,1.0,1.0,0
1,1099,assisted,not_frontier,0,8,8,1.0,1.0,0
1,1100,assisted,not_frontier,0,8,8,0.875,0.875,0
1,1101,assisted,not_frontier,0,8,8,1.0,1.0,0
1,1102,assisted,not_frontier,0,8,8,1.0,1.0,0
1,1103,assisted,not_frontier,0,8,8,1.0,1.0,0
1,1104,assisted,not_frontier,0,8,8,1.0,1.0,0
1,1105,assisted,not_frontier,0,8,8,1.0,1.0,0
1,1106,skill_free,full_skill_failure_pending_analysis,1,8,8,0.0,0.0,1
1,1107,assisted,not_frontier,0,8,8,1.0,1.0,0
1,1108,assisted,not_frontier,0,8,8,1.0,1.0,0
1,1109,assisted,not_frontier,0,8,8,1.0,1.0,0
1,1110,assisted,not_frontier,0,8,8,1.0,1.0,0
1,1111,assisted,not_frontier,0,8,8,1.0,1.0,0
1,1112,assisted,not_frontier,0,8,8,1.0,1.0,0
1,1113,assisted,not_frontier,0,8,8,1.0,1.0,0
1,1114,assisted,not_frontier,0,8,8,1.0,1.0,0
1,1115,assisted,not_frontier,0,8,8,1.0,1.0,0
1,1116,assisted,not_frontier,0,8,8,1.0,1.0,0
1,1117,assisted,not_frontier,0,8,8,1.0,1.0,0
1,1118,assisted,not_frontier,0,8,8,1.0,1.0,0
1,1119,skill_free,not_frontier,0,8,8,1.0,1.0,0
1,1120,assisted,not_frontier,0,8,8,1.0,1.0,0
1,1121,assisted,not_frontier,0,8,8,1.0,1.0,0
1,1122,assisted,not_frontier,0,8,8,1.0,1.0,0
1,1123,assisted,not_frontier,0,8,8,0.5,0.5,0
1,1124,skill_free,not_frontier,0,8,8,1.0,1.0,0
1,1125,assisted,not_frontier,0,8,8,1.0,1.0,0
1,1126,assisted,full_skill_failure_pending_analysis,1,8,8,0.0,0.0,1
1,1127,assisted,not_frontier,0,8,8,0.875,0.875,0
1,1128,skill_free,not_frontier,0,8,8,1.0,1.0,0
1,1129,skill_free,not_frontier,0,8,8,1.0,1.0,0
1,1130,assisted,not_frontier,0,8,8,1.0,1.0,0
1,1131,assisted,not_frontier,0,8,8,0.75,0.75,0
1,1132,assisted,not_frontier,0,8,8,1.0,1.0,0
1,1133,skill_free,not_frontier,0,8,8,1.0,1.0,0
1,1134,assisted,not_frontier,0,8,8,0.875,0.875,0
1,1135,assisted,not_frontier,0,8,8,1.0,1.0,0
1,1136,assisted,not_frontier,0,8,8,0.875,0.875,0
1,1137,assisted,not_frontier,0,8,8,0.375,0.375,0
1,1138,assisted,not_frontier,0,8,8,1.0,1.0,0
1,1139,assisted,not_frontier,0,8,8,1.0,1.0,0
1,1140,assisted,not_frontier,0,8,8,1.0,1.0,0
1,1141,skill_free,not_frontier,0,8,8,1.0,1.0,0
1,1142,assisted,not_frontier,0,8,8,0.6666666666666666,0.5,0
1,1143,assisted,not_frontier,0,8,8,1.0,1.0,0
1,1144,assisted,not_frontier,0,8,8,1.0,1.0,0
1,1145,skill_free,not_frontier,0,8,8,1.0,1.0,0
1,1146,assisted,not_frontier,0,8,8,1.0,1.0,0
1,1147,assisted,not_frontier,0,8,8,0.875,0.875,0
1,1148,assisted,not_frontier,0,8,8,0.75,0.75,0
1,1149,assisted,not_frontier,0,8,8,1.0,1.0,0
1,1150,assisted,not_frontier,0,8,8,1.0,1.0,0
1,1151,skill_free,not_frontier,0,8,8,1.0,1.0,0
1,1152,assisted,not_frontier,0,8,8,1.0,1.0,0
1,1153,assisted,not_frontier,0,8,8,0.875,0.875,0
1,1154,assisted,not_frontier,0,8,8,1.0,1.0,0
1,1155,assisted,not_frontier,0,8,8,1.0,1.0,0
1,1156,assisted,not_frontier,0,8,8,0.875,0.875,0
1,1157,assisted,not_frontier,0,8,8,1.0,1.0,0
1,1158,assisted,not_frontier,0,8,8,1.0,1.0,0
1,1159,assisted,not_frontier,0,8,8,0.625,0.625,0
1,1160,assisted,not_frontier,0,8,8,1.0,1.0,0
1,1161,assisted,not_frontier,0,8,8,0.625,0.625,0
1,1162,assisted,not_frontier,0,8,8,0.75,0.75,0
1,1163,skill_free,not_frontier,0,8,8,1.0,1.0,0
1,1164,skill_free,not_frontier,0,8,8,1.0,1.0,0
1,1165,skill_free,not_frontier,0,8,8,1.0,1.0,0
1,1166,assisted,full_skill_failure_pending_analysis,1,8,8,0.0,0.0,1
1,1167,assisted,full_skill_failure_pending_analysis,1,8,8,0.0,0.0,1
1,1168,assisted,not_frontier,0,8,8,1.0,1.0,0
1,1169,skill_free,not_frontier,0,8,8,1.0,1.0,0
1,1170,assisted,not_frontier,0,8,8,1.0,1.0,0
1,1171,assisted,not_frontier,0,8,8,1.0,1.0,0
1,1172,skill_free,not_frontier,0,8,8,0.925,0.875,0
1,1173,assisted,not_frontier,0,8,8,1.0,1.0,0
1,1174,skill_free,not_frontier,0,8,8,0.375,0.375,0
1,1175,assisted,not_frontier,0,8,8,1.0,1.0,0
1,1176,assisted,full_skill_failure_pending_analysis,1,8,8,0.0,0.0,1
1,1177,assisted,not_frontier,0,8,8,0.9375,0.875,0
1,1178,assisted,not_frontier,0,8,8,1.0,1.0,0
1,1179,assisted,not_frontier,0,8,8,0.6625,0.625,0
1,1180,assisted,not_frontier,0,8,8,1.0,1.0,0
1,1181,assisted,full_skill_failure_pending_analysis,1,8,8,0.0,0.0,1
1,1182,assisted,not_frontier,0,8,8,1.0,1.0,0
1,1183,assisted,not_frontier,0,8,8,1.0,1.0,0
1,1184,assisted,not_frontier,0,8,8,1.0,1.0,0
1,1185,assisted,full_skill_failure_pending_analysis,1,8,8,0.5,0.0,1
1,1186,assisted,not_frontier,0,8,8,0.875,0.875,0
1,1187,assisted,not_frontier,0,8,8,1.0,1.0,0
1,1188,assisted,not_frontier,0,8,8,1.0,1.0,0
1,1189,assisted,not_frontier,0,8,8,1.0,1.0,0
1,1190,assisted,not_frontier,0,8,8,1.0,1.0,0
1,1191,assisted,not_frontier,0,8,8,1.0,1.0,0
1,1192,skill_free,not_frontier,0,8,8,1.0,1.0,0
1,1193,skill_free,full_skill_failure_pending_analysis,1,8,8,0.0,0.0,1
1,1194,assisted,not_frontier,0,8,8,1.0,1.0,0
1,1195,assisted,not_frontier,0,8,8,1.0,1.0,0
1,1196,assisted,not_frontier,0,8,8,1.0,1.0,0
1,1197,assisted,not_frontier,0,8,8,1.0,1.0,0
1,1198,skill_free,not_frontier,0,8,8,0.125,0.125,0
1,1199,skill_free,not_frontier,0,8,8,1.0,1.0,0
1,1200,skill_free,not_frontier,0,8,8,1.0,1.0,0
1,1201,assisted,not_frontier,0,8,8,1.0,1.0,0
1,1202,assisted,not_frontier,0,8,8,1.0,1.0,0
1,1203,assisted,not_frontier,0,8,8,1.0,1.0,0
1,1204,assisted,not_frontier,0,8,8,0.625,0.625,0
1,1205,assisted,not_frontier,0,8,8,1.0,1.0,0
1,1206,assisted,not_frontier,0,8,8,1.0,1.0,0
1,1207,assisted,not_frontier,0,8,8,0.5,0.5,0
1,1208,assisted,full_skill_failure_pending_analysis,1,8,8,0.0,0.0,1
1,1209,assisted,not_frontier,0,8,8,1.0,1.0,0
1,1210,skill_free,not_frontier,0,8,8,0.625,0.625,0
1,1211,assisted,not_frontier,0,8,8,1.0,1.0,0
1,1212,assisted,not_frontier,0,8,8,0.75,0.75,0
1,1213,assisted,not_frontier,0,8,8,1.0,1.0,0
1,1214,assisted,not_frontier,0,8,8,1.0,1.0,0
1,1215,assisted,not_frontier,0,8,8,1.0,1.0,0
1,1216,assisted,not_frontier,0,8,8,1.0,1.0,0
1,1217,assisted,full_skill_failure_pending_analysis,1,8,8,0.5,0.0,1
1,1218,assisted,not_frontier,0,8,8,1.0,1.0,0
1,1219,assisted,not_frontier,0,8,8,1.0,1.0,0
1,1220,assisted,not_frontier,0,8,8,0.9375,0.875,0
1,1221,assisted,not_frontier,0,8,8,1.0,1.0,0
1,1222,assisted,not_frontier,0,8,8,0.625,0.625,0
1,1223,skill_free,not_frontier,0,8,8,1.0,1.0,0
1,1224,assisted,not_frontier,0,8,8,1.0,1.0,0
1,1225,skill_free,not_frontier,0,8,8,1.0,1.0,0
1,1226,assisted,not_frontier,0,8,8,1.0,1.0,0
1,1227,assisted,not_frontier,0,8,8,1.0,1.0,0
1,1228,assisted,not_frontier,0,8,8,1.0,1.0,0
1,1229,assisted,not_frontier,0,8,8,0.5,0.5,0
1,1230,assisted,not_frontier,0,8,8,1.0,1.0,0
1,1231,assisted,full_skill_failure_pending_analysis,1,8,8,0.0,0.0,1
1,1232,assisted,not_frontier,0,8,8,1.0,1.0,0
1,1233,assisted,not_frontier,0,8,8,0.625,0.625,0
1,1234,assisted,not_frontier,0,8,8,1.0,1.0,0
1,1235,assisted,not_frontier,0,8,8,1.0,1.0,0
1,1236,assisted,not_frontier,0,8,8,1.0,1.0,0
1,1237,assisted,not_frontier,0,8,8,1.0,1.0,0
1,1238,assisted,not_frontier,0,8,8,1.0,1.0,0
1,1239,assisted,not_frontier,0,8,8,0.375,0.375,0
1,1240,assisted,not_frontier,0,8,8,1.0,1.0,0
1,1241,assisted,full_skill_failure_pending_analysis,1,8,8,0.0,0.0,1
1,1242,skill_free,not_frontier,0,8,8,0.875,0.875,0
1,1243,skill_free,not_frontier,0,8,8,1.0,1.0,0
1,1244,assisted,not_frontier,0,8,8,1.0,1.0,0
1,1245,assisted,not_frontier,0,8,8,1.0,1.0,0
1,1246,assisted,not_frontier,0,8,8,0.625,0.625,0
1,1247,assisted,not_frontier,0,8,8,1.0,1.0,0
1,1248,assisted,not_frontier,0,8,8,1.0,1.0,0
1,1249,assisted,not_frontier,0,8,8,1.0,1.0,0
1,1250,assisted,not_frontier,0,8,8,1.0,1.0,0
1,1251,skill_free,not_frontier,0,8,8,0.75,0.75,0
1,1252,assisted,not_frontier,0,8,8,1.0,1.0,0
1,1253,assisted,not_frontier,0,8,8,1.0,1.0,0
1,1254,assisted,not_frontier,0,8,8,0.5,0.5,0
1,1255,assisted,not_frontier,0,8,8,0.75,0.75,0
1,1256,assisted,not_frontier,0,8,8,1.0,1.0,0
1,1257,assisted,not_frontier,0,8,8,0.6,0.5,0
1,1258,assisted,not_frontier,0,8,8,1.0,1.0,0
1,1259,assisted,not_frontier,0,8,8,1.0,1.0,0
1,1260,assisted,not_frontier,0,8,8,0.375,0.375,0
1,1261,assisted,not_frontier,0,8,8,1.0,1.0,0
1,1262,assisted,not_frontier,0,8,8,1.0,1.0,0
1,1263,assisted,not_frontier,0,8,8,1.0,1.0,0
1,1264,assisted,not_frontier,0,8,8,1.0,1.0,0
1,1265,assisted,not_frontier,0,8,8,0.75,0.75,0
1,1266,assisted,full_skill_failure_pending_analysis,1,8,8,0.0,0.0,1
1,1267,skill_free,not_frontier,0,8,8,0.75,0.75,0
1,1268,assisted,not_frontier,0,8,8,1.0,1.0,0
1,1269,assisted,not_frontier,0,8,8,1.0,1.0,0
1,1270,assisted,not_frontier,0,8,8,1.0,1.0,0
1,1271,assisted,not_frontier,0,8,8,1.0,1.0,0
1,1272,assisted,not_frontier,0,8,8,1.0,1.0,0
1,1273,assisted,not_frontier,0,8,8,0.5,0.5,0
1,1274,assisted,not_frontier,0,8,8,1.0,1.0,0
1,1275,assisted,not_frontier,0,8,8,0.75,0.75,0
1,1276,assisted,not_frontier,0,8,8,1.0,1.0,0
1,1277,skill_free,full_skill_failure_pending_analysis,1,8,8,0.0,0.0,1
1,1278,skill_free,not_frontier,0,8,8,1.0,1.0,0
1,1279,skill_free,not_frontier,0,8,8,0.75,0.75,0
2,1280,assisted,not_frontier,0,8,8,1.0,1.0,0
2,1281,assisted,not_frontier,0,8,8,1.0,1.0,0
2,1282,skill_free,not_frontier,0,8,8,1.0,1.0,0
2,1283,assisted,not_frontier,0,8,8,1.0,1.0,0
2,1284,assisted,not_frontier,0,8,8,1.0,1.0,0
2,1285,assisted,not_frontier,0,8,8,1.0,1.0,0
2,1286,assisted,not_frontier,0,8,8,1.0,1.0,0
2,1287,assisted,not_frontier,0,8,8,0.875,0.875,0
2,1288,skill_free,not_frontier,0,8,8,0.75,0.75,0
2,1289,assisted,not_frontier,0,8,8,1.0,1.0,0
2,1290,skill_free,not_frontier,0,8,8,1.0,1.0,0
2,1291,assisted,not_frontier,0,8,8,1.0,1.0,0
2,1292,assisted,not_frontier,0,8,8,1.0,1.0,0
2,1293,assisted,full_skill_failure_pending_analysis,1,8,8,0.0,0.0,1
2,1294,assisted,not_frontier,0,8,8,1.0,1.0,0
2,1295,assisted,not_frontier,0,8,8,1.0,1.0,0
2,1296,assisted,not_frontier,0,8,8,1.0,1.0,0
2,1297,skill_free,not_frontier,0,8,8,1.0,1.0,0
2,1298,assisted,not_frontier,0,8,8,1.0,1.0,0
2,1299,assisted,not_frontier,0,8,8,1.0,1.0,0
2,1300,assisted,not_frontier,0,8,8,1.0,1.0,0
2,1301,assisted,not_frontier,0,8,8,1.0,1.0,0
2,1302,assisted,not_frontier,0,8,8,1.0,1.0,0
2,1303,assisted,not_frontier,0,8,8,1.0,1.0,0
2,1304,assisted,not_frontier,0,8,8,1.0,1.0,0
2,1305,assisted,not_frontier,0,8,8,1.0,1.0,0
2,1306,assisted,full_skill_failure_pending_analysis,1,8,8,0.0,0.0,1
2,1307,assisted,not_frontier,0,8,8,1.0,1.0,0
2,1308,skill_free,not_frontier,0,8,8,1.0,1.0,0
2,1309,skill_free,not_frontier,0,8,8,1.0,1.0,0
2,1310,skill_free,not_frontier,0,8,8,1.0,1.0,0
2,1311,assisted,not_frontier,0,8,8,1.0,1.0,0
2,1312,assisted,not_frontier,0,8,8,1.0,1.0,0
2,1313,assisted,not_frontier,0,8,8,0.75,0.75,0
2,1314,assisted,not_frontier,0,8,8,0.875,0.875,0
2,1315,assisted,not_frontier,0,8,8,1.0,1.0,0
2,1316,assisted,not_frontier,0,8,8,1.0,1.0,0
2,1317,assisted,not_frontier,0,8,8,1.0,1.0,0
2,1318,assisted,not_frontier,0,8,8,1.0,1.0,0
2,1319,assisted,not_frontier,0,8,8,1.0,1.0,0
2,1320,assisted,not_frontier,0,8,8,1.0,1.0,0
2,1321,assisted,not_frontier,0,8,8,1.0,1.0,0
2,1322,assisted,not_frontier,0,8,8,1.0,1.0,0
2,1323,assisted,not_frontier,0,8,8,1.0,1.0,0
2,1324,assisted,not_frontier,0,8,8,0.875,0.875,0
2,1325,assisted,full_skill_failure_pending_analysis,1,8,8,0.0,0.0,1
2,1326,skill_free,full_skill_failure_pending_analysis,1,8,8,0.0,0.0,1
2,1327,assisted,full_skill_failure_pending_analysis,1,8,8,0.0,0.0,1
2,1328,skill_free,not_frontier,0,8,8,0.625,0.25,0
2,1329,assisted,not_frontier,0,8,8,0.875,0.875,0
2,1330,assisted,not_frontier,0,8,8,0.5,0.5,0
2,1331,skill_free,not_frontier,0,8,8,1.0,1.0,0
2,1332,assisted,not_frontier,0,8,8,1.0,1.0,0
2,1333,assisted,not_frontier,0,8,8,1.0,1.0,0
2,1334,assisted,full_skill_failure_pending_analysis,1,8,8,0.0,0.0,1
2,1335,assisted,not_frontier,0,8,8,1.0,1.0,0
2,1336,assisted,full_skill_failure_pending_analysis,1,8,8,0.0,0.0,1
2,1337,skill_free,not_frontier,0,8,8,1.0,1.0,0
2,1338,assisted,not_frontier,0,8,8,1.0,1.0,0
2,1339,assisted,not_frontier,0,8,8,0.125,0.125,0
2,1340,assisted_empty,not_frontier,0,8,8,1.0,1.0,0
2,1341,assisted,not_frontier,0,8,8,1.0,1.0,0
2,1342,assisted,not_frontier,0,8,8,1.0,1.0,0
2,1343,assisted,not_frontier,0,8,8,0.75,0.75,0
2,1344,assisted,not_frontier,0,8,8,1.0,1.0,0
2,1345,assisted,not_frontier,0,8,8,0.875,0.875,0
2,1346,skill_free,not_frontier,0,8,8,1.0,1.0,0
2,1347,skill_free,not_frontier,0,8,8,1.0,1.0,0
2,1348,assisted,not_frontier,0,8,8,1.0,1.0,0
2,1349,assisted,not_frontier,0,8,8,0.25,0.25,0
2,1350,assisted,not_frontier,0,8,8,1.0,1.0,0
2,1351,assisted,not_frontier,0,8,8,0.75,0.75,0
2,1352,assisted,not_frontier,0,8,8,1.0,1.0,0
2,1353,assisted,not_frontier,0,8,8,0.425,0.375,0
2,1354,assisted,not_frontier,0,8,8,1.0,1.0,0
2,1355,assisted,not_frontier,0,8,8,1.0,1.0,0
2,1356,assisted,not_frontier,0,8,8,1.0,1.0,0
2,1357,assisted,not_frontier,0,8,8,1.0,1.0,0
2,1358,assisted,not_frontier,0,8,8,1.0,1.0,0
2,1359,assisted,not_frontier,0,8,8,1.0,1.0,0
2,1360,skill_free,not_frontier,0,8,8,0.625,0.625,0
2,1361,assisted,not_frontier,0,8,8,1.0,1.0,0
2,1362,assisted,not_frontier,0,8,8,0.75,0.75,0
2,1363,assisted,not_frontier,0,8,8,1.0,1.0,0
2,1364,skill_free,not_frontier,0,8,8,1.0,1.0,0
2,1365,skill_free,not_frontier,0,8,8,0.875,0.875,0
2,1366,assisted,full_skill_failure_pending_analysis,1,8,8,0.25,0.0,1
2,1367,assisted,not_frontier,0,8,8,1.0,1.0,0
2,1368,assisted,not_frontier,0,8,8,1.0,1.0,0
2,1369,assisted,full_skill_failure_pending_analysis,1,8,8,0.0,0.0,1
2,1370,assisted,not_frontier,0,8,8,1.0,1.0,0
2,1371,assisted,not_frontier,0,8,8,0.75,0.75,0
2,1372,skill_free,not_frontier,0,8,8,1.0,1.0,0
2,1373,skill_free,not_frontier,0,8,8,1.0,1.0,0
2,1374,assisted,not_frontier,0,8,8,1.0,1.0,0
2,1375,assisted,full_skill_failure_pending_analysis,1,8,8,0.0,0.0,1
2,1376,assisted,not_frontier,0,8,8,0.875,0.875,0
2,1377,assisted,not_frontier,0,8,8,0.875,0.875,0
2,1378,assisted,not_frontier,0,8,8,1.0,1.0,0
2,1379,assisted,not_frontier,0,8,8,0.9375,0.875,0
2,1380,assisted,not_frontier,0,8,8,1.0,1.0,0
2,1381,assisted,full_skill_failure_pending_analysis,1,8,8,0.0,0.0,1
2,1382,skill_free,not_frontier,0,8,8,0.125,0.125,0
2,1383,assisted,not_frontier,0,8,8,1.0,1.0,0
2,1384,skill_free,not_frontier,0,8,8,0.375,0.375,0
2,1385,assisted,not_frontier,0,8,8,0.875,0.875,0
2,1386,assisted,not_frontier,0,8,8,0.875,0.875,0
2,1387,skill_free,not_frontier,0,8,8,1.0,1.0,0
2,1388,assisted,not_frontier,0,8,8,0.25,0.25,0
2,1389,assisted,not_frontier,0,8,8,1.0,1.0,0
2,1390,assisted,not_frontier,0,8,8,1.0,1.0,0
2,1391,assisted,not_frontier,0,8,8,1.0,1.0,0
2,1392,skill_free,not_frontier,0,8,8,1.0,1.0,0
2,1393,assisted,not_frontier,0,8,8,1.0,1.0,0
2,1394,assisted,not_frontier,0,8,8,1.0,1.0,0
2,1395,skill_free,not_frontier,0,8,8,1.0,1.0,0
2,1396,assisted,not_frontier,0,8,8,1.0,1.0,0
2,1397,assisted,not_frontier,0,8,8,1.0,1.0,0
2,1398,skill_free,full_skill_failure_pending_analysis,1,8,8,0.0,0.0,1
2,1399,assisted,not_frontier,0,8,8,0.875,0.875,0
2,1400,assisted,not_frontier,0,8,8,1.0,1.0,0
2,1401,assisted,not_frontier,0,8,8,1.0,1.0,0
2,1402,assisted,not_frontier,0,8,8,0.75,0.75,0
2,1403,assisted,not_frontier,0,8,8,0.375,0.375,0
2,1404,assisted,not_frontier,0,8,8,1.0,1.0,0
2,1405,assisted_empty,not_frontier,0,8,8,1.0,1.0,0
2,1406,assisted,not_frontier,0,8,8,1.0,1.0,0
2,1407,assisted,not_frontier,0,8,8,1.0,1.0,0
2,1408,assisted,not_frontier,0,8,8,1.0,1.0,0
2,1409,assisted,not_frontier,0,8,8,1.0,1.0,0
2,1410,assisted,full_skill_failure_pending_analysis,1,8,8,0.0,0.0,1
2,1411,skill_free,not_frontier,0,8,8,1.0,1.0,0
2,1412,assisted,not_frontier,0,8,8,1.0,1.0,0
2,1413,assisted,not_frontier,0,8,8,1.0,1.0,0
2,1414,assisted,not_frontier,0,8,8,1.0,1.0,0
2,1415,skill_free,not_frontier,0,8,8,1.0,1.0,0
2,1416,assisted,not_frontier,0,8,8,1.0,1.0,0
2,1417,skill_free,not_frontier,0,8,8,1.0,1.0,0
2,1418,assisted,not_frontier,0,8,8,0.8125,0.625,0
2,1419,assisted,not_frontier,0,8,8,1.0,1.0,0
2,1420,assisted,not_frontier,0,8,8,1.0,1.0,0
2,1421,assisted,not_frontier,0,8,8,0.75,0.75,0
2,1422,skill_free,full_skill_failure_pending_analysis,1,8,8,0.0,0.0,1
2,1423,assisted,not_frontier,0,8,8,1.0,1.0,0
2,1424,assisted,not_frontier,0,8,8,1.0,1.0,0
2,1425,assisted,not_frontier,0,8,8,1.0,1.0,0
2,1426,assisted,not_frontier,0,8,8,1.0,1.0,0
2,1427,assisted,not_frontier,0,8,8,1.0,1.0,0
2,1428,assisted,not_frontier,0,8,8,1.0,1.0,0
2,1429,assisted,not_frontier,0,8,8,1.0,1.0,0
2,1430,assisted,not_frontier,0,8,8,1.0,1.0,0
2,1431,assisted,not_frontier,0,8,8,1.0,1.0,0
2,1432,assisted,not_frontier,0,8,8,1.0,1.0,0
2,1433,assisted,not_frontier,0,8,8,0.921875,0.875,0
2,1434,assisted,not_frontier,0,8,8,1.0,1.0,0
2,1435,skill_free,not_frontier,0,8,8,0.875,0.75,0
2,1436,assisted,not_frontier,0,8,8,1.0,1.0,0
2,1437,skill_free,not_frontier,0,8,8,1.0,1.0,0
2,1438,skill_free,not_frontier,0,8,8,1.0,1.0,0
2,1439,assisted,not_frontier,0,8,8,1.0,1.0,0
2,1440,assisted,not_frontier,0,8,8,1.0,1.0,0
2,1441,skill_free,not_frontier,0,8,8,1.0,1.0,0
2,1442,skill_free,not_frontier,0,8,8,1.0,1.0,0
2,1443,assisted,full_skill_failure_pending_analysis,1,8,8,0.03125,0.0,1
2,1444,assisted,not_frontier,0,8,8,1.0,1.0,0
2,1445,assisted,not_frontier,0,8,8,0.875,0.875,0
2,1446,skill_free,not_frontier,0,8,8,1.0,1.0,0
2,1447,skill_free,not_frontier,0,8,8,1.0,1.0,0
2,1448,assisted,not_frontier,0,8,8,0.75,0.75,0
2,1449,assisted,not_frontier,0,8,8,1.0,1.0,0
2,1450,assisted,not_frontier,0,8,8,0.75,0.75,0
2,1451,skill_free,not_frontier,0,8,8,0.3125,0.125,0
2,1452,assisted,not_frontier,0,8,8,1.0,1.0,0
2,1453,skill_free,not_frontier,0,8,8,1.0,1.0,0
2,1454,skill_free,not_frontier,0,8,8,1.0,1.0,0
2,1455,assisted,full_skill_failure_pending_analysis,1,8,8,0.0,0.0,1
2,1456,assisted,not_frontier,0,8,8,0.875,0.875,0
2,1457,assisted,not_frontier,0,8,8,1.0,1.0,0
2,1458,assisted,not_frontier,0,8,8,1.0,1.0,0
2,1459,assisted,not_frontier,0,8,8,0.25,0.25,0
2,1460,assisted,not_frontier,0,8,8,1.0,1.0,0
2,1461,skill_free,not_frontier,0,8,8,1.0,1.0,0
2,1462,skill_free,not_frontier,0,8,8,1.0,1.0,0
2,1463,skill_free,not_frontier,0,8,8,0.75,0.75,0
2,1464,assisted,not_frontier,0,8,8,1.0,1.0,0
2,1465,assisted,not_frontier,0,8,8,1.0,1.0,0
2,1466,assisted,full_skill_failure_pending_analysis,1,8,8,0.0,0.0,1
2,1467,assisted,not_frontier,0,8,8,0.875,0.875,0
2,1468,assisted,not_frontier,0,8,8,0.875,0.875,0
2,1469,assisted,not_frontier,0,8,8,1.0,1.0,0
2,1470,assisted,not_frontier,0,8,8,1.0,1.0,0
2,1471,assisted,not_frontier,0,8,8,1.0,1.0,0
2,1472,assisted,not_frontier,0,8,8,0.375,0.375,0
2,1473,assisted,not_frontier,0,8,8,1.0,1.0,0
2,1474,assisted,not_frontier,0,8,8,1.0,1.0,0
2,1475,assisted,not_frontier,0,8,8,1.0,1.0,0
2,1476,assisted,not_frontier,0,8,8,1.0,1.0,0
2,1477,assisted,not_frontier,0,8,8,1.0,1.0,0
2,1478,assisted,not_frontier,0,8,8,1.0,1.0,0
2,1479,assisted,not_frontier,0,8,8,1.0,1.0,0
2,1480,assisted,not_frontier,0,8,8,1.0,1.0,0
2,1481,assisted,not_frontier,0,8,8,1.0,1.0,0
2,1482,assisted,not_frontier,0,8,8,1.0,1.0,0
2,1483,assisted,not_frontier,0,8,8,1.0,1.0,0
2,1484,assisted,not_frontier,0,8,8,1.0,1.0,0
2,1485,skill_free,not_frontier,0,8,8,1.0,1.0,0
2,1486,assisted,not_frontier,0,8,8,1.0,1.0,0
2,1487,assisted,not_frontier,0,8,8,1.0,1.0,0
2,1488,assisted,not_frontier,0,8,8,1.0,1.0,0
2,1489,assisted,not_frontier,0,8,8,1.0,1.0,0
2,1490,assisted,not_frontier,0,8,8,1.0,1.0,0
2,1491,assisted,full_skill_failure_pending_analysis,1,8,8,0.5,0.0,1
2,1492,assisted,not_frontier,0,8,8,1.0,1.0,0
2,1493,assisted,not_frontier,0,8,8,1.0,1.0,0
2,1494,assisted,not_frontier,0,8,8,1.0,1.0,0
2,1495,assisted,not_frontier,0,8,8,1.0,1.0,0
2,1496,assisted,not_frontier,0,8,8,1.0,1.0,0
2,1497,assisted,not_frontier,0,8,8,0.625,0.625,0
2,1498,assisted,not_frontier,0,8,8,1.0,1.0,0
2,1499,assisted,not_frontier,0,8,8,0.925,0.875,0
2,1500,assisted,not_frontier,0,8,8,0.9375,0.875,0
2,1501,skill_free,not_frontier,0,8,8,1.0,1.0,0
2,1502,assisted,not_frontier,0,8,8,1.0,1.0,0
2,1503,assisted,not_frontier,0,8,8,1.0,1.0,0
2,1504,assisted,not_frontier,0,8,8,1.0,1.0,0
2,1505,assisted,not_frontier,0,8,8,1.0,1.0,0
2,1506,assisted,not_frontier,0,8,8,0.125,0.125,0
2,1507,assisted,not_frontier,0,8,8,1.0,1.0,0
2,1508,assisted,not_frontier,0,8,8,1.0,1.0,0
2,1509,assisted,not_frontier,0,8,8,1.0,1.0,0
2,1510,assisted,full_skill_failure_pending_analysis,1,8,8,0.0,0.0,1
2,1511,assisted,not_frontier,0,8,8,1.0,1.0,0
2,1512,assisted,not_frontier,0,8,8,1.0,1.0,0
2,1513,assisted,not_frontier,0,8,8,0.875,0.875,0
2,1514,assisted,not_frontier,0,8,8,0.875,0.875,0
2,1515,assisted,not_frontier,0,8,8,1.0,1.0,0
2,1516,assisted,full_skill_failure_pending_analysis,1,8,8,0.0,0.0,1
2,1517,skill_free,not_frontier,0,8,8,0.875,0.875,0
2,1518,skill_free,not_frontier,0,8,8,0.875,0.875,0
2,1519,assisted,not_frontier,0,8,8,1.0,1.0,0
2,1520,skill_free,full_skill_failure_pending_analysis,1,8,8,0.0,0.0,1
2,1521,skill_free,not_frontier,0,8,8,1.0,1.0,0
2,1522,assisted,full_skill_failure_pending_analysis,1,8,8,0.0,0.0,1
2,1523,skill_free,not_frontier,0,8,8,1.0,1.0,0
2,1524,assisted,not_frontier,0,8,8,1.0,1.0,0
2,1525,assisted,not_frontier,0,8,8,1.0,1.0,0
2,1526,assisted,full_skill_failure_pending_analysis,1,8,8,0.5,0.0,1
2,1527,assisted,not_frontier,0,8,8,1.0,1.0,0
2,1528,assisted,not_frontier,0,8,8,1.0,1.0,0
2,1529,assisted,not_frontier,0,8,8,1.0,1.0,0
2,1530,skill_free,not_frontier,0,8,8,1.0,1.0,0
2,1531,skill_free,not_frontier,0,8,8,0.875,0.875,0
2,1532,assisted,not_frontier,0,8,8,1.0,1.0,0
2,1533,skill_free,not_frontier,0,8,8,1.0,1.0,0
2,1534,assisted,not_frontier,0,8,8,1.0,1.0,0
2,1535,assisted,not_frontier,0,8,8,1.0,1.0,0
2,1536,assisted,not_frontier,0,8,8,1.0,1.0,0
2,1537,assisted,not_frontier,0,8,8,0.75,0.75,0
2,1538,assisted,not_frontier,0,8,8,1.0,1.0,0
2,1539,assisted,not_frontier,0,8,8,1.0,1.0,0
2,1540,assisted,not_frontier,0,8,8,0.125,0.125,0
2,1541,skill_free,not_frontier,0,8,8,0.75,0.75,0
2,1542,assisted,not_frontier,0,8,8,0.625,0.625,0
2,1543,assisted,not_frontier,0,8,8,1.0,1.0,0
2,1544,assisted,not_frontier,0,8,8,1.0,1.0,0
2,1545,assisted,not_frontier,0,8,8,1.0,1.0,0
2,1546,assisted,not_frontier,0,8,8,1.0,1.0,0
2,1547,skill_free,full_skill_failure_pending_analysis,1,8,8,0.0,0.0,1
2,1548,skill_free,not_frontier,0,8,8,0.90625,0.875,0
2,1549,assisted,not_frontier,0,8,8,1.0,1.0,0
2,1550,assisted,full_skill_failure_pending_analysis,1,8,8,0.020833333333333332,0.0,1
2,1551,assisted,not_frontier,0,8,8,1.0,1.0,0
2,1552,skill_free,not_frontier,0,8,8,1.0,1.0,0
2,1553,assisted,not_frontier,0,8,8,1.0,1.0,0
2,1554,skill_free,not_frontier,0,8,8,1.0,1.0,0
2,1555,assisted,not_frontier,0,8,8,0.125,0.125,0
2,1556,assisted,not_frontier,0,8,8,1.0,1.0,0
2,1557,assisted,not_frontier,0,8,8,1.0,1.0,0
2,1558,assisted,not_frontier,0,8,8,1.0,1.0,0
2,1559,assisted,not_frontier,0,8,8,1.0,1.0,0
2,1560,assisted,not_frontier,0,8,8,1.0,1.0,0
2,1561,skill_free,not_frontier,0,8,8,1.0,1.0,0
2,1562,skill_free,not_frontier,0,8,8,0.625,0.25,0
2,1563,assisted,full_skill_failure_pending_analysis,1,8,8,0.0,0.0,1
2,1564,skill_free,not_frontier,0,8,8,1.0,1.0,0
2,1565,assisted,not_frontier,0,8,8,1.0,1.0,0
2,1566,assisted,not_frontier,0,8,8,0.5833333333333333,0.5,0
2,1567,assisted,not_frontier,0,8,8,1.0,1.0,0
2,1568,assisted,not_frontier,0,8,8,1.0,1.0,0
2,1569,assisted,not_frontier,0,8,8,1.0,1.0,0
2,1570,assisted,not_frontier,0,8,8,0.625,0.625,0
2,1571,assisted,not_frontier,0,8,8,1.0,1.0,0
2,1572,assisted,full_skill_failure_pending_analysis,1,8,8,0.0,0.0,1
2,1573,assisted,not_frontier,0,8,8,1.0,1.0,0
2,1574,assisted,not_frontier,0,8,8,1.0,1.0,0
2,1575,assisted,not_frontier,0,8,8,1.0,1.0,0
2,1576,assisted,not_frontier,0,8,8,1.0,1.0,0
2,1577,assisted,not_frontier,0,8,8,1.0,1.0,0
2,1578,assisted,not_frontier,0,8,8,1.0,1.0,0
2,1579,skill_free,not_frontier,0,8,8,1.0,1.0,0
2,1580,assisted,full_skill_failure_pending_analysis,1,8,8,0.0,0.0,1
2,1581,skill_free,not_frontier,0,8,8,1.0,1.0,0
2,1582,assisted,not_frontier,0,8,8,1.0,1.0,0
2,1583,assisted,not_frontier,0,8,8,1.0,1.0,0
2,1584,assisted,not_frontier,0,8,8,1.0,1.0,0
2,1585,assisted,not_frontier,0,8,8,1.0,1.0,0
2,1586,assisted,not_frontier,0,8,8,0.125,0.125,0
2,1587,assisted,not_frontier,0,8,8,0.875,0.875,0
2,1588,assisted,not_frontier,0,8,8,1.0,1.0,0
2,1589,assisted,not_frontier,0,8,8,0.5,0.5,0
2,1590,assisted,not_frontier,0,8,8,1.0,1.0,0
2,1591,skill_free,not_frontier,0,8,8,1.0,1.0,0
2,1592,assisted,not_frontier,0,8,8,1.0,1.0,0
2,1593,assisted,not_frontier,0,8,8,1.0,1.0,0
2,1594,skill_free,not_frontier,0,8,8,1.0,1.0,0
2,1595,assisted,not_frontier,0,8,8,1.0,1.0,0
2,1596,assisted,not_frontier,0,8,8,1.0,1.0,0
2,1597,assisted,not_frontier,0,8,8,0.375,0.375,0
2,1598,assisted,not_frontier,0,8,8,0.125,0.125,0
2,1599,assisted,not_frontier,0,8,8,1.0,1.0,0
2,1600,assisted,not_frontier,0,8,8,1.0,1.0,0
2,1601,skill_free,not_frontier,0,8,8,1.0,1.0,0
2,1602,assisted,not_frontier,0,8,8,1.0,1.0,0
2,1603,assisted,not_frontier,0,8,8,1.0,1.0,0
2,1604,skill_free,not_frontier,0,8,8,1.0,1.0,0
2,1605,assisted,not_frontier,0,8,8,1.0,1.0,0
2,1606,assisted,not_frontier,0,8,8,1.0,1.0,0
2,1607,assisted,not_frontier,0,8,8,0.5,0.5,0
2,1608,assisted,not_frontier,0,8,8,1.0,1.0,0
2,1609,skill_free,not_frontier,0,8,8,1.0,1.0,0
2,1610,assisted,not_frontier,0,8,8,0.8125,0.75,0
2,1611,assisted,not_frontier,0,8,8,1.0,1.0,0
2,1612,skill_free,not_frontier,0,8,8,1.0,1.0,0
2,1613,assisted,not_frontier,0,8,8,0.125,0.125,0
2,1614,assisted,not_frontier,0,8,8,1.0,1.0,0
2,1615,assisted,not_frontier,0,8,8,0.25,0.25,0
2,1616,assisted,not_frontier,0,8,8,1.0,1.0,0
2,1617,assisted,not_frontier,0,8,8,0.953125,0.875,0
2,1618,assisted,not_frontier,0,8,8,1.0,1.0,0
2,1619,assisted,full_skill_failure_pending_analysis,1,8,8,0.0,0.0,1
2,1620,assisted,not_frontier,0,8,8,0.9166666666666666,0.875,0
2,1621,skill_free,not_frontier,0,8,8,1.0,1.0,0
2,1622,assisted,not_frontier,0,8,8,1.0,1.0,0
2,1623,assisted,not_frontier,0,8,8,1.0,1.0,0
2,1624,assisted,not_frontier,0,8,8,1.0,1.0,0
2,1625,assisted,not_frontier,0,8,8,0.125,0.125,0
2,1626,assisted,not_frontier,0,8,8,1.0,1.0,0
2,1627,assisted,full_skill_failure_pending_analysis,1,8,8,0.0,0.0,1
2,1628,assisted,not_frontier,0,8,8,1.0,1.0,0
2,1629,assisted_empty,not_frontier,0,8,8,0.75,0.75,0
2,1630,assisted,not_frontier,0,8,8,1.0,1.0,0
2,1631,assisted,not_frontier,0,8,8,1.0,1.0,0
2,1632,assisted,not_frontier,0,8,8,0.25,0.25,0
2,1633,assisted,not_frontier,0,8,8,1.0,1.0,0
2,1634,assisted,not_frontier,0,8,8,1.0,1.0,0
2,1635,assisted,not_frontier,0,8,8,1.0,1.0,0
2,1636,skill_free,not_frontier,0,8,8,1.0,1.0,0
2,1637,assisted,not_frontier,0,8,8,0.875,0.875,0
2,1638,assisted,full_skill_failure_pending_analysis,1,8,8,0.0,0.0,1
2,1639,assisted,not_frontier,0,8,8,1.0,1.0,0
2,1640,assisted,not_frontier,0,8,8,1.0,1.0,0
2,1641,assisted,not_frontier,0,8,8,1.0,1.0,0
2,1642,assisted,not_frontier,0,8,8,0.5,0.5,0
2,1643,assisted,not_frontier,0,8,8,1.0,1.0,0
2,1644,skill_free,not_frontier,0,8,8,0.5,0.5,0
2,1645,assisted,full_skill_failure_pending_analysis,1,8,8,0.0,0.0,1
2,1646,skill_free,full_skill_failure_pending_analysis,1,8,8,0.0,0.0,1
2,1647,assisted,not_frontier,0,8,8,1.0,1.0,0
2,1648,skill_free,not_frontier,0,8,8,0.375,0.375,0
2,1649,assisted,not_frontier,0,8,8,1.0,1.0,0
2,1650,assisted,not_frontier,0,8,8,1.0,1.0,0
2,1651,skill_free,not_frontier,0,8,8,1.0,1.0,0
2,1652,assisted,not_frontier,0,8,8,1.0,1.0,0
2,1653,assisted,not_frontier,0,8,8,1.0,1.0,0
2,1654,assisted,not_frontier,0,8,8,1.0,1.0,0
2,1655,assisted,not_frontier,0,8,8,0.875,0.875,0
2,1656,assisted,not_frontier,0,8,8,1.0,1.0,0
2,1657,assisted,not_frontier,0,8,8,1.0,1.0,0
2,1658,assisted,not_frontier,0,8,8,1.0,1.0,0
2,1659,assisted,not_frontier,0,8,8,1.0,1.0,0
2,1660,skill_free,not_frontier,0,8,8,1.0,1.0,0
2,1661,assisted,not_frontier,0,8,8,0.625,0.625,0
2,1662,assisted,not_frontier,0,8,8,1.0,1.0,0
2,1663,assisted,not_frontier,0,8,8,0.75,0.75,0
2,1664,assisted,not_frontier,0,8,8,0.6517857142857143,0.625,0
2,1665,assisted,not_frontier,0,8,8,1.0,1.0,0
2,1666,assisted,not_frontier,0,8,8,1.0,1.0,0
2,1667,assisted,not_frontier,0,8,8,1.0,1.0,0
2,1668,assisted,not_frontier,0,8,8,1.0,1.0,0
2,1669,assisted,not_frontier,0,8,8,1.0,1.0,0
2,1670,assisted,not_frontier,0,8,8,1.0,1.0,0
2,1671,skill_free,not_frontier,0,8,8,1.0,1.0,0
2,1672,assisted,not_frontier,0,8,8,0.9166666666666667,0.75,0
2,1673,skill_free,not_frontier,0,8,8,1.0,1.0,0
2,1674,assisted,not_frontier,0,8,8,1.0,1.0,0
2,1675,assisted,not_frontier,0,8,8,1.0,1.0,0
2,1676,assisted,not_frontier,0,8,8,1.0,1.0,0
2,1677,skill_free,not_frontier,0,8,8,1.0,1.0,0
2,1678,assisted,not_frontier,0,8,8,0.5625,0.125,0
2,1679,skill_free,not_frontier,0,8,8,1.0,1.0,0
2,1680,assisted,not_frontier,0,8,8,0.75,0.75,0
2,1681,skill_free,not_frontier,0,8,8,1.0,1.0,0
2,1682,assisted,not_frontier,0,8,8,1.0,1.0,0
2,1683,assisted,not_frontier,0,8,8,0.75,0.75,0
2,1684,assisted,not_frontier,0,8,8,1.0,1.0,0
2,1685,assisted,not_frontier,0,8,8,0.875,0.875,0
2,1686,skill_free,not_frontier,0,8,8,1.0,1.0,0
2,1687,assisted,not_frontier,0,8,8,1.0,1.0,0
2,1688,assisted,full_skill_failure_pending_analysis,1,8,8,0.4375,0.0,1
2,1689,assisted,not_frontier,0,8,8,0.375,0.375,0
2,1690,assisted,full_skill_failure_pending_analysis,1,8,8,0.0,0.0,1
2,1691,skill_free,not_frontier,0,8,8,1.0,1.0,0
2,1692,assisted,not_frontier,0,8,8,1.0,1.0,0
2,1693,assisted,not_frontier,0,8,8,1.0,1.0,0
2,1694,assisted,not_frontier,0,8,8,0.875,0.875,0
2,1695,assisted,full_skill_failure_pending_analysis,1,8,8,0.15625,0.0,1
2,1696,assisted,not_frontier,0,8,8,1.0,1.0,0
2,1697,assisted,not_frontier,0,8,8,1.0,1.0,0
2,1698,skill_free,not_frontier,0,8,8,1.0,1.0,0
2,1699,assisted,not_frontier,0,8,8,1.0,1.0,0
2,1700,assisted,not_frontier,0,8,8,1.0,1.0,0
2,1701,skill_free,not_frontier,0,8,8,1.0,1.0,0
2,1702,skill_free,not_frontier,0,8,8,1.0,1.0,0
2,1703,assisted,not_frontier,0,8,8,1.0,1.0,0
2,1704,skill_free,not_frontier,0,8,8,1.0,1.0,0
2,1705,assisted,not_frontier,0,8,8,0.375,0.375,0
2,1706,assisted,full_skill_failure_pending_analysis,1,8,8,0.0,0.0,1
2,1707,assisted,not_frontier,0,8,8,1.0,1.0,0
2,1708,assisted,not_frontier,0,8,8,1.0,1.0,0
2,1709,assisted,not_frontier,0,8,8,1.0,1.0,0
2,1710,assisted,not_frontier,0,8,8,1.0,1.0,0
2,1711,assisted,not_frontier,0,8,8,1.0,1.0,0
2,1712,assisted,not_frontier,0,8,8,0.875,0.625,0
2,1713,assisted,not_frontier,0,8,8,0.875,0.875,0
2,1714,skill_free,not_frontier,0,8,8,1.0,1.0,0
2,1715,assisted,not_frontier,0,8,8,1.0,1.0,0
2,1716,assisted,not_frontier,0,8,8,1.0,1.0,0
2,1717,assisted,not_frontier,0,8,8,1.0,1.0,0
2,1718,assisted,not_frontier,0,8,8,1.0,1.0,0
2,1719,skill_free,not_frontier,0,8,8,1.0,1.0,0
2,1720,assisted,not_frontier,0,8,8,1.0,1.0,0
2,1721,assisted,not_frontier,0,8,8,1.0,1.0,0
2,1722,assisted,not_frontier,0,8,8,1.0,1.0,0
2,1723,skill_free,not_frontier,0,8,8,1.0,1.0,0
2,1724,assisted,not_frontier,0,8,8,0.9464285714285714,0.875,0
2,1725,assisted,not_frontier,0,8,8,0.75,0.75,0
2,1726,assisted,not_frontier,0,8,8,1.0,1.0,0
2,1727,assisted,not_frontier,0,8,8,0.125,0.125,0
2,1728,assisted,not_frontier,0,8,8,0.875,0.875,0
2,1729,assisted,not_frontier,0,8,8,1.0,1.0,0
2,1730,assisted,not_frontier,0,8,8,0.5,0.5,0
2,1731,assisted,not_frontier,0,8,8,0.125,0.125,0
2,1732,assisted,not_frontier,0,8,8,1.0,1.0,0
2,1733,assisted,not_frontier,0,8,8,1.0,1.0,0
2,1734,assisted,not_frontier,0,8,8,0.75,0.75,0
2,1735,assisted,not_frontier,0,8,8,1.0,1.0,0
2,1736,skill_free,not_frontier,0,8,8,1.0,1.0,0
2,1737,assisted,not_frontier,0,8,8,1.0,1.0,0
2,1738,assisted,not_frontier,0,8,8,1.0,1.0,0
2,1739,assisted,full_skill_failure_pending_analysis,1,8,8,0.0,0.0,1
2,1740,assisted,not_frontier,0,8,8,1.0,1.0,0
2,1741,skill_free,not_frontier,0,8,8,1.0,1.0,0
2,1742,skill_free,not_frontier,0,8,8,1.0,1.0,0
2,1743,skill_free,model_internalization_deficit,1,8,8,0.0,0.0,1
2,1744,skill_free,not_frontier,0,8,8,0.75,0.75,0
2,1745,assisted,not_frontier,0,8,8,0.625,0.625,0
2,1746,assisted,not_frontier,0,8,8,1.0,1.0,0
2,1747,assisted,not_frontier,0,8,8,0.875,0.875,0
2,1748,assisted,full_skill_failure_pending_analysis,1,8,8,0.11363636363636363,0.0,1
2,1749,assisted,full_skill_failure_pending_analysis,1,8,8,0.0,0.0,1
2,1750,assisted,not_frontier,0,8,8,1.0,1.0,0
2,1751,assisted,not_frontier,0,8,8,1.0,1.0,0
2,1752,assisted,full_skill_failure_pending_analysis,1,8,8,0.0,0.0,1
2,1753,assisted,not_frontier,0,8,8,1.0,1.0,0
2,1754,assisted,not_frontier,0,8,8,1.0,1.0,0
2,1755,assisted,not_frontier,0,8,8,1.0,1.0,0
2,1756,assisted,not_frontier,0,8,8,0.875,0.875,0
2,1757,assisted,not_frontier,0,8,8,1.0,1.0,0
2,1758,assisted,not_frontier,0,8,8,1.0,1.0,0
2,1759,assisted,not_frontier,0,8,8,1.0,1.0,0
2,1760,skill_free,not_frontier,0,8,8,1.0,1.0,0
2,1761,assisted,not_frontier,0,8,8,1.0,1.0,0
2,1762,assisted,not_frontier,0,8,8,1.0,1.0,0
2,1763,assisted_empty,not_frontier,0,8,8,1.0,1.0,0
2,1764,assisted,full_skill_failure_pending_analysis,1,8,8,0.0,0.0,1
2,1765,assisted,not_frontier,0,8,8,1.0,1.0,0
2,1766,assisted,not_frontier,0,8,8,1.0,1.0,0
2,1767,skill_free,not_frontier,0,8,8,1.0,1.0,0
2,1768,assisted,not_frontier,0,8,8,1.0,1.0,0
2,1769,assisted,not_frontier,0,8,8,1.0,1.0,0
2,1770,skill_free,not_frontier,0,8,8,0.125,0.125,0
2,1771,assisted,not_frontier,0,8,8,0.875,0.875,0
2,1772,assisted,full_skill_failure_pending_analysis,1,8,8,0.0,0.0,1
2,1773,assisted,not_frontier,0,8,8,0.625,0.625,0
2,1774,assisted,not_frontier,0,8,8,1.0,1.0,0
2,1775,assisted,not_frontier,0,8,8,1.0,1.0,0
2,1776,skill_free,not_frontier,0,8,8,1.0,1.0,0
2,1777,assisted_empty,not_frontier,0,8,8,1.0,1.0,0
2,1778,skill_free,not_frontier,0,8,8,1.0,1.0,0
2,1779,assisted,not_frontier,0,8,8,0.8958333333333334,0.875,0
2,1780,skill_free,not_frontier,0,8,8,1.0,1.0,0
2,1781,skill_free,not_frontier,0,8,8,0.375,0.375,0
2,1782,skill_free,not_frontier,0,8,8,1.0,1.0,0
2,1783,assisted_empty,not_frontier,0,8,8,1.0,1.0,0
2,1784,assisted,not_frontier,0,8,8,1.0,1.0,0
2,1785,assisted,not_frontier,0,8,8,1.0,1.0,0
2,1786,assisted,not_frontier,0,8,8,1.0,1.0,0
2,1787,assisted,not_frontier,0,8,8,0.625,0.625,0
2,1788,skill_free,not_frontier,0,8,8,1.0,1.0,0
2,1789,assisted,not_frontier,0,8,8,1.0,1.0,0
2,1790,assisted,not_frontier,0,8,8,0.75,0.75,0
2,1791,assisted,not_frontier,0,8,8,0.875,0.875,0
2,1792,assisted,not_frontier,0,8,8,0.25,0.25,0
2,1793,assisted,not_frontier,0,8,8,1.0,1.0,0
2,1794,assisted,full_skill_failure_pending_analysis,1,8,8,0.0,0.0,1
2,1795,assisted,not_frontier,0,8,8,1.0,1.0,0
2,1796,skill_free,not_frontier,0,8,8,1.0,1.0,0
2,1797,assisted,not_frontier,0,8,8,1.0,1.0,0
2,1798,assisted,not_frontier,0,8,8,1.0,1.0,0
2,1799,assisted,not_frontier,0,8,8,1.0,1.0,0
2,1800,assisted,not_frontier,0,8,8,1.0,1.0,0
2,1801,assisted,not_frontier,0,8,8,0.375,0.375,0
2,1802,assisted,not_frontier,0,8,8,1.0,1.0,0
2,1803,assisted,not_frontier,0,8,8,1.0,1.0,0
2,1804,skill_free,not_frontier,0,8,8,0.375,0.375,0
2,1805,assisted,not_frontier,0,8,8,1.0,1.0,0
2,1806,assisted,not_frontier,0,8,8,1.0,1.0,0
2,1807,skill_free,not_frontier,0,8,8,1.0,1.0,0
2,1808,skill_free,not_frontier,0,8,8,0.625,0.625,0
2,1809,skill_free,not_frontier,0,8,8,1.0,1.0,0
2,1810,assisted,not_frontier,0,8,8,1.0,1.0,0
2,1811,assisted,not_frontier,0,8,8,0.875,0.875,0
2,1812,assisted,not_frontier,0,8,8,1.0,1.0,0
2,1813,assisted,not_frontier,0,8,8,1.0,1.0,0
2,1814,skill_free,not_frontier,0,8,8,1.0,1.0,0
2,1815,assisted,not_frontier,0,8,8,1.0,1.0,0
2,1816,skill_free,not_frontier,0,8,8,1.0,1.0,0
2,1817,skill_free,full_skill_failure_pending_analysis,1,8,8,0.0,0.0,1
2,1818,assisted,not_frontier,0,8,8,1.0,1.0,0
2,1819,assisted,not_frontier,0,8,8,1.0,1.0,0
2,1820,assisted,not_frontier,0,8,8,1.0,1.0,0
2,1821,assisted,not_frontier,0,8,8,1.0,1.0,0
2,1822,assisted,not_frontier,0,8,8,1.0,1.0,0
2,1823,assisted,not_frontier,0,8,8,0.375,0.375,0
2,1824,skill_free,not_frontier,0,8,8,1.0,1.0,0
2,1825,assisted,not_frontier,0,8,8,1.0,1.0,0
2,1826,assisted,not_frontier,0,8,8,1.0,1.0,0
2,1827,skill_free,not_frontier,0,8,8,0.625,0.625,0
2,1828,skill_free,not_frontier,0,8,8,1.0,1.0,0
2,1829,skill_free,full_skill_failure_pending_analysis,1,8,8,0.0,0.0,1
2,1830,skill_free,not_frontier,0,8,8,1.0,1.0,0
2,1831,assisted,not_frontier,0,8,8,1.0,1.0,0
2,1832,skill_free,not_frontier,0,8,8,1.0,1.0,0
2,1833,assisted,not_frontier,0,8,8,1.0,1.0,0
2,1834,skill_free,not_frontier,0,8,8,1.0,1.0,0
2,1835,assisted,not_frontier,0,8,8,1.0,1.0,0
2,1836,assisted,not_frontier,0,8,8,0.875,0.875,0
2,1837,skill_free,not_frontier,0,8,8,1.0,1.0,0
2,1838,assisted,not_frontier,0,8,8,1.0,1.0,0
2,1839,skill_free,not_frontier,0,8,8,1.0,1.0,0
2,1840,assisted,not_frontier,0,8,8,1.0,1.0,0
2,1841,skill_free,not_frontier,0,8,8,1.0,1.0,0
2,1842,assisted,not_frontier,0,8,8,1.0,1.0,0
2,1843,assisted,not_frontier,0,8,8,1.0,1.0,0
2,1844,assisted,not_frontier,0,8,8,0.5,0.5,0
2,1845,assisted_empty,not_frontier,0,8,8,0.75,0.75,0
2,1846,assisted,not_frontier,0,8,8,1.0,1.0,0
2,1847,assisted,not_frontier,0,8,8,1.0,1.0,0
2,1848,assisted,not_frontier,0,8,8,1.0,1.0,0
2,1849,assisted,full_skill_failure_pending_analysis,1,8,8,0.0,0.0,1
2,1850,assisted,not_frontier,0,8,8,1.0,1.0,0
2,1851,assisted,not_frontier,0,8,8,1.0,1.0,0
2,1852,assisted,not_frontier,0,8,8,1.0,1.0,0
2,1853,assisted,not_frontier,0,8,8,1.0,1.0,0
2,1854,skill_free,not_frontier,0,8,8,1.0,1.0,0
2,1855,assisted,not_frontier,0,8,8,1.0,1.0,0
2,1856,assisted,not_frontier,0,8,8,1.0,1.0,0
2,1857,assisted,not_frontier,0,8,8,1.0,1.0,0
2,1858,assisted,not_frontier,0,8,8,1.0,1.0,0
2,1859,skill_free,not_frontier,0,8,8,1.0,1.0,0
2,1860,skill_free,not_frontier,0,8,8,1.0,1.0,0
2,1861,assisted,not_frontier,0,8,8,1.0,1.0,0
2,1862,assisted,not_frontier,0,8,8,0.75,0.75,0
2,1863,skill_free,not_frontier,0,8,8,1.0,1.0,0
2,1864,assisted,not_frontier,0,8,8,1.0,1.0,0
2,1865,assisted,not_frontier,0,8,8,0.125,0.125,0
2,1866,assisted,not_frontier,0,8,8,1.0,1.0,0
2,1867,assisted,not_frontier,0,8,8,1.0,1.0,0
2,1868,skill_free,not_frontier,0,8,8,1.0,1.0,0
2,1869,assisted,not_frontier,0,8,8,1.0,1.0,0
2,1870,skill_free,not_frontier,0,8,8,1.0,1.0,0
2,1871,assisted,not_frontier,0,8,8,1.0,1.0,0
2,1872,assisted,not_frontier,0,8,8,1.0,1.0,0
2,1873,skill_free,not_frontier,0,8,8,0.375,0.375,0
2,1874,assisted,not_frontier,0,8,8,1.0,1.0,0
2,1875,assisted,not_frontier,0,8,8,1.0,1.0,0
2,1876,assisted,not_frontier,0,8,8,1.0,1.0,0
2,1877,assisted,not_frontier,0,8,8,1.0,1.0,0
2,1878,assisted,not_frontier,0,8,8,0.9107142857142857,0.875,0
2,1879,skill_free,not_frontier,0,8,8,0.875,0.875,0
2,1880,assisted,full_skill_failure_pending_analysis,1,8,8,0.0,0.0,1
2,1881,assisted,not_frontier,0,8,8,0.75,0.75,0
2,1882,skill_free,not_frontier,0,8,8,1.0,1.0,0
2,1883,assisted,full_skill_failure_pending_analysis,1,8,8,0.0,0.0,1
2,1884,assisted,not_frontier,0,8,8,1.0,1.0,0
2,1885,assisted,not_frontier,0,8,8,1.0,1.0,0
2,1886,assisted,not_frontier,0,8,8,1.0,1.0,0
2,1887,skill_free,not_frontier,0,8,8,1.0,1.0,0
2,1888,skill_free,not_frontier,0,8,8,0.25,0.25,0
2,1889,assisted,not_frontier,0,8,8,1.0,1.0,0
2,1890,assisted,not_frontier,0,8,8,1.0,1.0,0
2,1891,assisted,not_frontier,0,8,8,1.0,1.0,0
2,1892,skill_free,not_frontier,0,8,8,1.0,1.0,0
2,1893,assisted,not_frontier,0,8,8,1.0,1.0,0
2,1894,skill_free,full_skill_failure_pending_analysis,1,8,8,0.0,0.0,1
2,1895,assisted,not_frontier,0,8,8,1.0,1.0,0
2,1896,skill_free,not_frontier,0,8,8,0.875,0.875,0
2,1897,skill_free,not_frontier,0,8,8,1.0,1.0,0
2,1898,assisted,not_frontier,0,8,8,1.0,1.0,0
2,1899,assisted,not_frontier,0,8,8,0.875,0.875,0
2,1900,skill_free,not_frontier,0,8,8,1.0,1.0,0
2,1901,assisted,not_frontier,0,8,8,1.0,1.0,0
2,1902,assisted,not_frontier,0,8,8,1.0,1.0,0
2,1903,assisted,full_skill_failure_pending_analysis,1,8,8,0.5,0.0,1
2,1904,assisted,not_frontier,0,8,8,1.0,1.0,0
2,1905,assisted,not_frontier,0,8,8,1.0,1.0,0
2,1906,assisted,not_frontier,0,8,8,1.0,1.0,0
2,1907,assisted,not_frontier,0,8,8,1.0,1.0,0
2,1908,assisted,not_frontier,0,8,8,1.0,1.0,0
2,1909,assisted,full_skill_failure_pending_analysis,1,8,8,0.0,0.0,1
2,1910,assisted,full_skill_failure_pending_analysis,1,8,8,0.5,0.0,1
2,1911,assisted,not_frontier,0,8,8,1.0,1.0,0
2,1912,assisted,not_frontier,0,8,8,1.0,1.0,0
2,1913,assisted,not_frontier,0,8,8,1.0,1.0,0
2,1914,assisted,not_frontier,0,8,8,1.0,1.0,0
2,1915,skill_free,not_frontier,0,8,8,0.6666666666666666,0.125,0
2,1916,assisted,not_frontier,0,8,8,0.75,0.75,0
2,1917,assisted,not_frontier,0,8,8,0.65625,0.625,0
2,1918,assisted,not_frontier,0,8,8,1.0,1.0,0
2,1919,assisted,not_frontier,0,8,8,1.0,1.0,0
3,1920,assisted,not_frontier,0,8,8,0.875,0.875,0
3,1921,assisted,not_frontier,0,8,8,0.875,0.875,0
3,1922,assisted,not_frontier,0,8,8,1.0,1.0,0
3,1923,assisted,not_frontier,0,8,8,1.0,1.0,0
3,1924,assisted,not_frontier,0,8,8,1.0,1.0,0
3,1925,assisted,not_frontier,0,8,8,1.0,1.0,0
3,1926,assisted,not_frontier,0,8,8,1.0,1.0,0
3,1927,assisted,not_frontier,0,8,8,1.0,1.0,0
3,1928,assisted,not_frontier,0,8,8,0.9,0.875,0
3,1929,skill_free,not_frontier,0,8,8,1.0,1.0,0
3,1930,assisted,not_frontier,0,8,8,1.0,1.0,0
3,1931,assisted,not_frontier,0,8,8,1.0,1.0,0
3,1932,assisted,full_skill_failure_pending_analysis,1,8,8,0.0,0.0,1
3,1933,assisted,not_frontier,0,8,8,0.875,0.875,0
3,1934,assisted,not_frontier,0,8,8,1.0,1.0,0
3,1935,assisted,not_frontier,0,8,8,1.0,1.0,0
3,1936,assisted,not_frontier,0,8,8,1.0,1.0,0
3,1937,assisted,not_frontier,0,8,8,1.0,1.0,0
3,1938,assisted,not_frontier,0,8,8,0.875,0.875,0
3,1939,skill_free,not_frontier,0,8,8,1.0,1.0,0
3,1940,assisted,not_frontier,0,8,8,1.0,1.0,0
3,1941,assisted,not_frontier,0,8,8,0.375,0.375,0
3,1942,assisted,not_frontier,0,8,8,1.0,1.0,0
3,1943,assisted,not_frontier,0,8,8,1.0,1.0,0
3,1944,assisted,not_frontier,0,8,8,1.0,1.0,0
3,1945,assisted,full_skill_failure_pending_analysis,1,8,8,0.0,0.0,1
3,1946,skill_free,not_frontier,0,8,8,0.25,0.25,0
3,1947,assisted,not_frontier,0,8,8,1.0,1.0,0
3,1948,skill_free,not_frontier,0,8,8,0.875,0.875,0
3,1949,assisted,not_frontier,0,8,8,1.0,1.0,0
3,1950,assisted,not_frontier,0,8,8,1.0,1.0,0
3,1951,skill_free,not_frontier,0,8,8,1.0,1.0,0
3,1952,assisted,not_frontier,0,8,8,1.0,1.0,0
3,1953,assisted,not_frontier,0,8,8,1.0,1.0,0
3,1954,skill_free,not_frontier,0,8,8,1.0,1.0,0
3,1955,skill_free,not_frontier,0,8,8,0.9583333333333333,0.875,0
3,1956,assisted,not_frontier,0,8,8,1.0,1.0,0
3,1957,assisted,not_frontier,0,8,8,1.0,1.0,0
3,1958,assisted,not_frontier,0,8,8,1.0,1.0,0
3,1959,assisted,not_frontier,0,8,8,1.0,1.0,0
3,1960,assisted,not_frontier,0,8,8,1.0,1.0,0
3,1961,skill_free,not_frontier,0,8,8,0.875,0.875,0
3,1962,assisted,not_frontier,0,8,8,1.0,1.0,0
3,1963,assisted,not_frontier,0,8,8,1.0,1.0,0
3,1964,skill_free,full_skill_failure_pending_analysis,1,8,8,0.0625,0.0,1
3,1965,assisted,not_frontier,0,8,8,0.95,0.75,0
3,1966,assisted,not_frontier,0,8,8,0.875,0.875,0
3,1967,skill_free,not_frontier,0,8,8,1.0,1.0,0
3,1968,assisted,not_frontier,0,8,8,0.5,0.5,0
3,1969,skill_free,not_frontier,0,8,8,0.875,0.875,0
3,1970,assisted,not_frontier,0,8,8,1.0,1.0,0
3,1971,skill_free,not_frontier,0,8,8,1.0,1.0,0
3,1972,assisted,not_frontier,0,8,8,1.0,1.0,0
3,1973,assisted,not_frontier,0,8,8,1.0,1.0,0
3,1974,assisted,not_frontier,0,8,8,1.0,1.0,0
3,1975,assisted,full_skill_failure_pending_analysis,1,8,8,0.0,0.0,1
3,1976,assisted,not_frontier,0,8,8,1.0,1.0,0
3,1977,assisted,not_frontier,0,8,8,1.0,1.0,0
3,1978,skill_free,not_frontier,0,8,8,1.0,1.0,0
3,1979,assisted,full_skill_failure_pending_analysis,1,8,8,0.30833333333333335,0.0,1
3,1980,skill_free,not_frontier,0,8,8,1.0,1.0,0
3,1981,assisted,not_frontier,0,8,8,1.0,1.0,0
3,1982,assisted,full_skill_failure_pending_analysis,1,8,8,0.0,0.0,1
3,1983,assisted,not_frontier,0,8,8,1.0,1.0,0
3,1984,assisted,not_frontier,0,8,8,1.0,1.0,0
3,1985,assisted,not_frontier,0,8,8,1.0,1.0,0
3,1986,assisted,not_frontier,0,8,8,1.0,1.0,0
3,1987,assisted,full_skill_failure_pending_analysis,1,8,8,0.0,0.0,1
3,1988,skill_free,not_frontier,0,8,8,1.0,1.0,0
3,1989,assisted,not_frontier,0,8,8,1.0,1.0,0
3,1990,assisted,not_frontier,0,8,8,1.0,1.0,0
3,1991,assisted,not_frontier,0,8,8,1.0,1.0,0
3,1992,assisted,not_frontier,0,8,8,0.875,0.875,0
3,1993,assisted,not_frontier,0,8,8,0.75,0.75,0
3,1994,assisted,not_frontier,0,8,8,1.0,1.0,0
3,1995,assisted,not_frontier,0,8,8,1.0,1.0,0
3,1996,assisted,not_frontier,0,8,8,1.0,1.0,0
3,1997,skill_free,not_frontier,0,8,8,1.0,1.0,0
3,1998,assisted,not_frontier,0,8,8,1.0,1.0,0
3,1999,skill_free,not_frontier,0,8,8,1.0,1.0,0
3,2000,assisted,not_frontier,0,8,8,1.0,1.0,0
3,2001,assisted,not_frontier,0,8,8,1.0,1.0,0
3,2002,assisted,not_frontier,0,8,8,0.875,0.875,0
3,2003,assisted,not_frontier,0,8,8,0.875,0.875,0
3,2004,assisted,full_skill_failure_pending_analysis,1,8,8,0.4375,0.0,1
3,2005,assisted,not_frontier,0,8,8,1.0,1.0,0
3,2006,assisted,not_frontier,0,8,8,0.8125,0.625,0
3,2007,skill_free,not_frontier,0,8,8,1.0,1.0,0
3,2008,assisted,not_frontier,0,8,8,1.0,1.0,0
3,2009,assisted,not_frontier,0,8,8,0.125,0.125,0
3,2010,assisted,not_frontier,0,8,8,1.0,1.0,0
3,2011,assisted,not_frontier,0,8,8,1.0,1.0,0
3,2012,assisted,not_frontier,0,8,8,1.0,1.0,0
3,2013,assisted,not_frontier,0,8,8,1.0,1.0,0
3,2014,assisted,not_frontier,0,8,8,1.0,1.0,0
3,2015,assisted,not_frontier,0,8,8,1.0,1.0,0
3,2016,assisted,full_skill_failure_pending_analysis,1,8,8,0.0,0.0,1
3,2017,assisted,not_frontier,0,8,8,1.0,1.0,0
3,2018,skill_free,not_frontier,0,8,8,0.25,0.25,0
3,2019,assisted,not_frontier,0,8,8,0.6875,0.375,0
3,2020,assisted,not_frontier,0,8,8,1.0,1.0,0
3,2021,assisted,not_frontier,0,8,8,1.0,1.0,0
3,2022,assisted,not_frontier,0,8,8,0.625,0.25,0
3,2023,assisted,not_frontier,0,8,8,1.0,1.0,0
3,2024,assisted,not_frontier,0,8,8,1.0,1.0,0
3,2025,assisted,not_frontier,0,8,8,1.0,1.0,0
3,2026,assisted,not_frontier,0,8,8,1.0,1.0,0
3,2027,assisted,not_frontier,0,8,8,1.0,1.0,0
3,2028,skill_free,not_frontier,0,8,8,1.0,1.0,0
3,2029,assisted,not_frontier,0,8,8,1.0,1.0,0
3,2030,assisted,not_frontier,0,8,8,1.0,1.0,0
3,2031,skill_free,not_frontier,0,8,8,1.0,1.0,0
3,2032,assisted,not_frontier,0,8,8,1.0,1.0,0
3,2033,assisted,not_frontier,0,8,8,0.625,0.625,0
3,2034,assisted,not_frontier,0,8,8,0.5,0.5,0
3,2035,assisted,not_frontier,0,8,8,1.0,1.0,0
3,2036,assisted,not_frontier,0,8,8,1.0,1.0,0
3,2037,skill_free,not_frontier,0,8,8,0.5416666666666667,0.5,0
3,2038,skill_free,not_frontier,0,8,8,1.0,1.0,0
3,2039,assisted,not_frontier,0,8,8,0.875,0.875,0
3,2040,skill_free,not_frontier,0,8,8,1.0,1.0,0
3,2041,skill_free,not_frontier,0,8,8,0.875,0.875,0
3,2042,skill_free,not_frontier,0,8,8,0.875,0.875,0
3,2043,assisted,not_frontier,0,8,8,1.0,1.0,0
3,2044,assisted,not_frontier,0,8,8,1.0,1.0,0
3,2045,assisted,not_frontier,0,8,8,0.625,0.625,0
3,2046,assisted,not_frontier,0,8,8,1.0,1.0,0
3,2047,assisted,not_frontier,0,8,8,1.0,1.0,0
3,2048,assisted,not_frontier,0,8,8,0.875,0.875,0
3,2049,assisted,not_frontier,0,8,8,1.0,1.0,0
3,2050,assisted,not_frontier,0,8,8,1.0,1.0,0
3,2051,skill_free,not_frontier,0,8,8,1.0,1.0,0
3,2052,assisted,not_frontier,0,8,8,1.0,1.0,0
3,2053,skill_free,not_frontier,0,8,8,1.0,1.0,0
3,2054,assisted,not_frontier,0,8,8,1.0,1.0,0
3,2055,assisted,not_frontier,0,8,8,1.0,1.0,0
3,2056,assisted,not_frontier,0,8,8,1.0,1.0,0
3,2057,assisted,not_frontier,0,8,8,1.0,1.0,0
3,2058,skill_free,not_frontier,0,8,8,1.0,1.0,0
3,2059,assisted,not_frontier,0,8,8,1.0,1.0,0
3,2060,assisted,full_skill_failure_pending_analysis,1,8,8,0.0,0.0,1
3,2061,assisted,not_frontier,0,8,8,0.625,0.625,0
3,2062,assisted,not_frontier,0,8,8,1.0,1.0,0
3,2063,assisted,not_frontier,0,8,8,1.0,1.0,0
3,2064,assisted,not_frontier,0,8,8,1.0,1.0,0
3,2065,assisted,not_frontier,0,8,8,1.0,1.0,0
3,2066,assisted,not_frontier,0,8,8,1.0,1.0,0
3,2067,assisted,full_skill_failure_pending_analysis,1,8,8,0.0,0.0,1
3,2068,assisted,not_frontier,0,8,8,0.75,0.75,0
3,2069,skill_free,full_skill_failure_pending_analysis,1,8,8,0.0,0.0,1
3,2070,assisted,not_frontier,0,8,8,1.0,1.0,0
3,2071,assisted,full_skill_failure_pending_analysis,1,8,8,0.0,0.0,1
3,2072,assisted,not_frontier,0,8,8,1.0,1.0,0
3,2073,skill_free,not_frontier,0,8,8,0.625,0.625,0
3,2074,assisted,not_frontier,0,8,8,1.0,1.0,0
3,2075,assisted,not_frontier,0,8,8,1.0,1.0,0
3,2076,assisted,not_frontier,0,8,8,1.0,1.0,0
3,2077,assisted,not_frontier,0,8,8,1.0,1.0,0
3,2078,skill_free,not_frontier,0,8,8,1.0,1.0,0
3,2079,assisted,not_frontier,0,8,8,1.0,1.0,0
3,2080,skill_free,not_frontier,0,8,8,1.0,1.0,0
3,2081,assisted,not_frontier,0,8,8,1.0,1.0,0
3,2082,assisted,not_frontier,0,8,8,1.0,1.0,0
3,2083,assisted,not_frontier,0,8,8,1.0,1.0,0
3,2084,assisted,not_frontier,0,8,8,1.0,1.0,0
3,2085,assisted,not_frontier,0,8,8,0.125,0.125,0
3,2086,assisted,full_skill_failure_pending_analysis,1,8,8,0.0,0.0,1
3,2087,assisted,not_frontier,0,8,8,1.0,1.0,0
3,2088,assisted,not_frontier,0,8,8,1.0,1.0,0
3,2089,assisted,not_frontier,0,8,8,1.0,1.0,0
3,2090,assisted,not_frontier,0,8,8,1.0,1.0,0
3,2091,assisted,not_frontier,0,8,8,1.0,1.0,0
3,2092,skill_free,not_frontier,0,8,8,1.0,1.0,0
3,2093,assisted,not_frontier,0,8,8,1.0,1.0,0
3,2094,assisted,not_frontier,0,8,8,1.0,1.0,0
3,2095,assisted,not_frontier,0,8,8,1.0,1.0,0
3,2096,assisted,not_frontier,0,8,8,1.0,1.0,0
3,2097,assisted,not_frontier,0,8,8,0.75,0.75,0
3,2098,assisted,full_skill_failure_pending_analysis,1,8,8,0.0,0.0,1
3,2099,skill_free,not_frontier,0,8,8,1.0,1.0,0
3,2100,assisted,not_frontier,0,8,8,1.0,1.0,0
3,2101,skill_free,full_skill_failure_pending_analysis,1,8,8,0.0,0.0,1
3,2102,skill_free,not_frontier,0,8,8,1.0,1.0,0
3,2103,assisted,not_frontier,0,8,8,0.75,0.75,0
3,2104,skill_free,not_frontier,0,8,8,1.0,1.0,0
3,2105,assisted,not_frontier,0,8,8,1.0,1.0,0
3,2106,assisted,not_frontier,0,8,8,1.0,1.0,0
3,2107,assisted,not_frontier,0,8,8,0.9642857142857143,0.875,0
3,2108,assisted,not_frontier,0,8,8,1.0,1.0,0
3,2109,assisted,not_frontier,0,8,8,1.0,1.0,0
3,2110,assisted,not_frontier,0,8,8,1.0,1.0,0
3,2111,assisted,not_frontier,0,8,8,1.0,1.0,0
3,2112,assisted,not_frontier,0,8,8,1.0,1.0,0
3,2113,assisted,not_frontier,0,8,8,0.875,0.875,0
3,2114,assisted,not_frontier,0,8,8,1.0,1.0,0
3,2115,assisted,not_frontier,0,8,8,1.0,1.0,0
3,2116,assisted,not_frontier,0,8,8,1.0,1.0,0
3,2117,assisted,not_frontier,0,8,8,0.25,0.25,0
3,2118,assisted,not_frontier,0,8,8,1.0,1.0,0
3,2119,assisted,not_frontier,0,8,8,0.75,0.75,0
3,2120,assisted,not_frontier,0,8,8,1.0,1.0,0
3,2121,skill_free,not_frontier,0,8,8,1.0,1.0,0
3,2122,assisted,not_frontier,0,8,8,0.125,0.125,0
3,2123,assisted,not_frontier,0,8,8,0.75,0.75,0
3,2124,skill_free,not_frontier,0,8,8,1.0,1.0,0
3,2125,assisted,not_frontier,0,8,8,0.96875,0.875,0
3,2126,assisted,not_frontier,0,8,8,1.0,1.0,0
3,2127,assisted,not_frontier,0,8,8,1.0,1.0,0
3,2128,assisted,not_frontier,0,8,8,1.0,1.0,0
3,2129,assisted,not_frontier,0,8,8,1.0,1.0,0
3,2130,assisted,not_frontier,0,8,8,1.0,1.0,0
3,2131,assisted,not_frontier,0,8,8,0.8125,0.75,0
3,2132,assisted,not_frontier,0,8,8,1.0,1.0,0
3,2133,skill_free,not_frontier,0,8,8,1.0,1.0,0
3,2134,skill_free,not_frontier,0,8,8,1.0,1.0,0
3,2135,skill_free,not_frontier,0,8,8,1.0,1.0,0
3,2136,assisted_empty,not_frontier,0,8,8,1.0,1.0,0
3,2137,skill_free,not_frontier,0,8,8,1.0,1.0,0
3,2138,assisted,not_frontier,0,8,8,1.0,1.0,0
3,2139,assisted,not_frontier,0,8,8,1.0,1.0,0
3,2140,assisted,not_frontier,0,8,8,0.375,0.375,0
3,2141,assisted,not_frontier,0,8,8,1.0,1.0,0
3,2142,assisted,not_frontier,0,8,8,1.0,1.0,0
3,2143,assisted,not_frontier,0,8,8,1.0,1.0,0
3,2144,skill_free,not_frontier,0,8,8,0.875,0.875,0
3,2145,assisted,not_frontier,0,8,8,1.0,1.0,0
3,2146,assisted,not_frontier,0,8,8,1.0,1.0,0
3,2147,assisted,not_frontier,0,8,8,1.0,1.0,0
3,2148,assisted,not_frontier,0,8,8,1.0,1.0,0
3,2149,assisted,not_frontier,0,8,8,1.0,1.0,0
3,2150,assisted,not_frontier,0,8,8,1.0,1.0,0
3,2151,assisted,not_frontier,0,8,8,1.0,1.0,0
3,2152,assisted,not_frontier,0,8,8,1.0,1.0,0
3,2153,assisted,not_frontier,0,8,8,1.0,1.0,0
3,2154,skill_free,not_frontier,0,8,8,0.875,0.875,0
3,2155,skill_free,not_frontier,0,8,8,1.0,1.0,0
3,2156,assisted,not_frontier,0,8,8,1.0,1.0,0
3,2157,assisted,not_frontier,0,8,8,1.0,1.0,0
3,2158,assisted,not_frontier,0,8,8,0.875,0.875,0
3,2159,assisted,full_skill_failure_pending_analysis,1,8,8,0.0,0.0,1
3,2160,assisted,not_frontier,0,8,8,0.875,0.875,0
3,2161,assisted,full_skill_failure_pending_analysis,1,8,8,0.0,0.0,1
3,2162,skill_free,not_frontier,0,8,8,0.5,0.5,0
3,2163,assisted,full_skill_failure_pending_analysis,1,8,8,0.0,0.0,1
3,2164,assisted,not_frontier,0,8,8,1.0,1.0,0
3,2165,assisted,not_frontier,0,8,8,1.0,1.0,0
3,2166,assisted,not_frontier,0,8,8,1.0,1.0,0
3,2167,assisted,not_frontier,0,8,8,1.0,1.0,0
3,2168,assisted,not_frontier,0,8,8,1.0,1.0,0
3,2169,skill_free,not_frontier,0,8,8,0.875,0.875,0
3,2170,assisted,not_frontier,0,8,8,1.0,1.0,0
3,2171,assisted,not_frontier,0,8,8,0.6875,0.5,0
3,2172,skill_free,not_frontier,0,8,8,1.0,1.0,0
3,2173,assisted,not_frontier,0,8,8,1.0,1.0,0
3,2174,skill_free,not_frontier,0,8,8,0.75,0.75,0
3,2175,assisted,full_skill_failure_pending_analysis,1,8,8,0.0,0.0,1
3,2176,assisted,not_frontier,0,8,8,1.0,1.0,0
3,2177,assisted,not_frontier,0,8,8,1.0,1.0,0
3,2178,assisted,not_frontier,0,8,8,1.0,1.0,0
3,2179,assisted,not_frontier,0,8,8,1.0,1.0,0
3,2180,assisted,not_frontier,0,8,8,1.0,1.0,0
3,2181,assisted,not_frontier,0,8,8,0.625,0.625,0
3,2182,skill_free,not_frontier,0,8,8,0.625,0.625,0
3,2183,assisted,not_frontier,0,8,8,1.0,1.0,0
3,2184,skill_free,not_frontier,0,8,8,0.375,0.375,0
3,2185,assisted,not_frontier,0,8,8,1.0,1.0,0
3,2186,assisted,not_frontier,0,8,8,1.0,1.0,0
3,2187,assisted,not_frontier,0,8,8,0.625,0.625,0
3,2188,assisted,not_frontier,0,8,8,1.0,1.0,0
3,2189,skill_free,not_frontier,0,8,8,0.5,0.5,0
3,2190,assisted,not_frontier,0,8,8,1.0,1.0,0
3,2191,assisted,not_frontier,0,8,8,1.0,1.0,0
3,2192,skill_free,not_frontier,0,8,8,0.875,0.875,0
3,2193,assisted,not_frontier,0,8,8,1.0,1.0,0
3,2194,assisted,not_frontier,0,8,8,1.0,1.0,0
3,2195,assisted,not_frontier,0,8,8,1.0,1.0,0
3,2196,assisted,not_frontier,0,8,8,0.625,0.625,0
3,2197,assisted,full_skill_failure_pending_analysis,1,8,8,0.4017857142857143,0.0,1
3,2198,skill_free,not_frontier,0,8,8,1.0,1.0,0
3,2199,assisted,not_frontier,0,8,8,1.0,1.0,0
3,2200,assisted,not_frontier,0,8,8,1.0,1.0,0
3,2201,assisted,not_frontier,0,8,8,1.0,1.0,0
3,2202,assisted,not_frontier,0,8,8,1.0,1.0,0
3,2203,assisted,not_frontier,0,8,8,1.0,1.0,0
3,2204,assisted,not_frontier,0,8,8,0.875,0.875,0
3,2205,skill_free,not_frontier,0,8,8,1.0,1.0,0
3,2206,skill_free,not_frontier,0,8,8,1.0,1.0,0
3,2207,assisted,not_frontier,0,8,8,1.0,1.0,0
3,2208,assisted,not_frontier,0,8,8,1.0,1.0,0
3,2209,skill_free,not_frontier,0,8,8,1.0,1.0,0
3,2210,skill_free,not_frontier,0,8,8,0.5,0.5,0
3,2211,assisted,not_frontier,0,8,8,0.25,0.25,0
3,2212,assisted,not_frontier,0,8,8,1.0,1.0,0
3,2213,assisted,not_frontier,0,8,8,0.75,0.75,0
3,2214,assisted,full_skill_failure_pending_analysis,1,8,8,0.0,0.0,1
3,2215,skill_free,full_skill_failure_pending_analysis,1,8,8,0.0,0.0,1
3,2216,assisted,not_frontier,0,8,8,1.0,1.0,0
3,2217,assisted,not_frontier,0,8,8,1.0,1.0,0
3,2218,assisted,not_frontier,0,8,8,1.0,1.0,0
3,2219,assisted,full_skill_failure_pending_analysis,1,8,8,0.0,0.0,1
3,2220,assisted,not_frontier,0,8,8,1.0,1.0,0
3,2221,skill_free,not_frontier,0,8,8,1.0,1.0,0
3,2222,assisted,not_frontier,0,8,8,1.0,1.0,0
3,2223,assisted,not_frontier,0,8,8,1.0,1.0,0
3,2224,assisted,not_frontier,0,8,8,1.0,1.0,0
3,2225,assisted,not_frontier,0,8,8,1.0,1.0,0
3,2226,assisted,not_frontier,0,8,8,1.0,1.0,0
3,2227,assisted,not_frontier,0,8,8,1.0,1.0,0
3,2228,assisted,not_frontier,0,8,8,1.0,1.0,0
3,2229,assisted,not_frontier,0,8,8,0.875,0.875,0
3,2230,assisted,not_frontier,0,8,8,1.0,1.0,0
3,2231,assisted,not_frontier,0,8,8,1.0,1.0,0
3,2232,assisted,not_frontier,0,8,8,1.0,1.0,0
3,2233,assisted,not_frontier,0,8,8,1.0,1.0,0
3,2234,assisted,not_frontier,0,8,8,1.0,1.0,0
3,2235,assisted,not_frontier,0,8,8,1.0,1.0,0
3,2236,assisted,not_frontier,0,8,8,1.0,1.0,0
3,2237,assisted,full_skill_failure_pending_analysis,1,8,8,0.0,0.0,1
3,2238,assisted,full_skill_failure_pending_analysis,1,8,8,0.0,0.0,1
3,2239,skill_free,not_frontier,0,8,8,1.0,1.0,0
3,2240,assisted,not_frontier,0,8,8,1.0,1.0,0
3,2241,assisted,full_skill_failure_pending_analysis,1,8,8,0.0,0.0,1
3,2242,assisted,not_frontier,0,8,8,1.0,1.0,0
3,2243,assisted,not_frontier,0,8,8,1.0,1.0,0
3,2244,assisted,not_frontier,0,8,8,0.875,0.875,0
3,2245,assisted,not_frontier,0,8,8,0.875,0.875,0
3,2246,assisted,not_frontier,0,8,8,1.0,1.0,0
3,2247,assisted,not_frontier,0,8,8,1.0,1.0,0
3,2248,skill_free,not_frontier,0,8,8,0.625,0.625,0
3,2249,assisted,not_frontier,0,8,8,1.0,1.0,0
3,2250,assisted,not_frontier,0,8,8,1.0,1.0,0
3,2251,assisted,not_frontier,0,8,8,1.0,1.0,0
3,2252,assisted,not_frontier,0,8,8,1.0,1.0,0
3,2253,assisted,not_frontier,0,8,8,0.75,0.75,0
3,2254,skill_free,not_frontier,0,8,8,1.0,1.0,0
3,2255,assisted,not_frontier,0,8,8,1.0,1.0,0
3,2256,assisted,not_frontier,0,8,8,1.0,1.0,0
3,2257,skill_free,not_frontier,0,8,8,1.0,1.0,0
3,2258,assisted,not_frontier,0,8,8,1.0,1.0,0
3,2259,assisted,not_frontier,0,8,8,1.0,1.0,0
3,2260,skill_free,not_frontier,0,8,8,0.625,0.625,0
3,2261,assisted,not_frontier,0,8,8,1.0,1.0,0
3,2262,assisted,not_frontier,0,8,8,1.0,1.0,0
3,2263,assisted,not_frontier,0,8,8,1.0,1.0,0
3,2264,skill_free,not_frontier,0,8,8,1.0,1.0,0
3,2265,assisted,not_frontier,0,8,8,1.0,1.0,0
3,2266,assisted,not_frontier,0,8,8,1.0,1.0,0
3,2267,skill_free,not_frontier,0,8,8,1.0,1.0,0
3,2268,assisted,not_frontier,0,8,8,1.0,1.0,0
3,2269,assisted,not_frontier,0,8,8,1.0,1.0,0
3,2270,skill_free,not_frontier,0,8,8,1.0,1.0,0
3,2271,assisted,not_frontier,0,8,8,1.0,1.0,0
3,2272,assisted,not_frontier,0,8,8,0.25,0.25,0
3,2273,skill_free,not_frontier,0,8,8,1.0,1.0,0
3,2274,assisted,not_frontier,0,8,8,0.875,0.875,0
3,2275,assisted,not_frontier,0,8,8,0.625,0.625,0
3,2276,assisted,not_frontier,0,8,8,1.0,1.0,0
3,2277,assisted,not_frontier,0,8,8,1.0,1.0,0
3,2278,assisted,not_frontier,0,8,8,0.375,0.25,0
3,2279,assisted,not_frontier,0,8,8,1.0,1.0,0
3,2280,assisted,not_frontier,0,8,8,1.0,1.0,0
3,2281,assisted,not_frontier,0,8,8,0.5,0.5,0
3,2282,assisted,not_frontier,0,8,8,1.0,1.0,0
3,2283,assisted,full_skill_failure_pending_analysis,1,8,8,0.0,0.0,1
3,2284,assisted,not_frontier,0,8,8,1.0,1.0,0
3,2285,assisted,not_frontier,0,8,8,0.125,0.125,0
3,2286,assisted,not_frontier,0,8,8,1.0,1.0,0
3,2287,assisted,not_frontier,0,8,8,1.0,1.0,0
3,2288,assisted,not_frontier,0,8,8,1.0,1.0,0
3,2289,assisted,not_frontier,0,8,8,1.0,1.0,0
3,2290,assisted,not_frontier,0,8,8,1.0,1.0,0
3,2291,assisted,not_frontier,0,8,8,1.0,1.0,0
3,2292,assisted,not_frontier,0,8,8,1.0,1.0,0
3,2293,assisted,not_frontier,0,8,8,1.0,1.0,0
3,2294,assisted,full_skill_failure_pending_analysis,1,8,8,0.0,0.0,1
3,2295,skill_free,not_frontier,0,8,8,1.0,1.0,0
3,2296,skill_free,not_frontier,0,8,8,0.25,0.25,0
3,2297,assisted,not_frontier,0,8,8,1.0,1.0,0
3,2298,assisted,not_frontier,0,8,8,0.5,0.5,0
3,2299,assisted,not_frontier,0,8,8,1.0,1.0,0
3,2300,assisted,not_frontier,0,8,8,1.0,1.0,0
3,2301,assisted,not_frontier,0,8,8,0.703125,0.5,0
3,2302,skill_free,not_frontier,0,8,8,1.0,1.0,0
3,2303,assisted,not_frontier,0,8,8,1.0,1.0,0
3,2304,assisted,not_frontier,0,8,8,1.0,1.0,0
3,2305,assisted,not_frontier,0,8,8,1.0,1.0,0
3,2306,assisted,not_frontier,0,8,8,1.0,1.0,0
3,2307,assisted,not_frontier,0,8,8,1.0,1.0,0
3,2308,assisted,not_frontier,0,8,8,1.0,1.0,0
3,2309,assisted,not_frontier,0,8,8,1.0,1.0,0
3,2310,assisted,not_frontier,0,8,8,1.0,1.0,0
3,2311,skill_free,not_frontier,0,8,8,1.0,1.0,0
3,2312,skill_free,not_frontier,0,8,8,1.0,1.0,0
3,2313,assisted,not_frontier,0,8,8,1.0,1.0,0
3,2314,assisted,not_frontier,0,8,8,0.875,0.875,0
3,2315,assisted,not_frontier,0,8,8,1.0,1.0,0
3,2316,assisted,not_frontier,0,8,8,1.0,1.0,0
3,2317,assisted,not_frontier,0,8,8,1.0,1.0,0
3,2318,assisted,full_skill_failure_pending_analysis,1,8,8,0.0,0.0,1
3,2319,skill_free,not_frontier,0,8,8,1.0,1.0,0
3,2320,assisted,not_frontier,0,8,8,1.0,1.0,0
3,2321,assisted,not_frontier,0,8,8,1.0,1.0,0
3,2322,assisted,not_frontier,0,8,8,1.0,1.0,0
3,2323,assisted,full_skill_failure_pending_analysis,1,8,8,0.0,0.0,1
3,2324,assisted,not_frontier,0,8,8,1.0,1.0,0
3,2325,assisted,not_frontier,0,8,8,1.0,1.0,0
3,2326,assisted,not_frontier,0,8,8,1.0,1.0,0
3,2327,assisted,not_frontier,0,8,8,1.0,1.0,0
3,2328,assisted,full_skill_failure_pending_analysis,1,8,8,0.0,0.0,1
3,2329,skill_free,not_frontier,0,8,8,1.0,1.0,0
3,2330,skill_free,not_frontier,0,8,8,0.875,0.875,0
3,2331,assisted,not_frontier,0,8,8,1.0,1.0,0
3,2332,assisted,not_frontier,0,8,8,0.875,0.875,0
3,2333,assisted,not_frontier,0,8,8,1.0,1.0,0
3,2334,assisted,not_frontier,0,8,8,1.0,1.0,0
3,2335,assisted,not_frontier,0,8,8,1.0,1.0,0
3,2336,assisted,not_frontier,0,8,8,1.0,1.0,0
3,2337,assisted,not_frontier,0,8,8,1.0,1.0,0
3,2338,skill_free,not_frontier,0,8,8,1.0,1.0,0
3,2339,assisted,not_frontier,0,8,8,1.0,1.0,0
3,2340,assisted,not_frontier,0,8,8,1.0,1.0,0
3,2341,assisted,not_frontier,0,8,8,1.0,1.0,0
3,2342,assisted,not_frontier,0,8,8,1.0,1.0,0
3,2343,assisted,not_frontier,0,8,8,1.0,1.0,0
3,2344,assisted,not_frontier,0,8,8,1.0,1.0,0
3,2345,assisted,not_frontier,0,8,8,1.0,1.0,0
3,2346,skill_free,not_frontier,0,8,8,1.0,1.0,0
3,2347,assisted,not_frontier,0,8,8,1.0,1.0,0
3,2348,assisted,not_frontier,0,8,8,1.0,1.0,0
3,2349,assisted,not_frontier,0,8,8,1.0,1.0,0
3,2350,assisted,not_frontier,0,8,8,1.0,1.0,0
3,2351,assisted,not_frontier,0,8,8,1.0,1.0,0
3,2352,assisted,not_frontier,0,8,8,1.0,1.0,0
3,2353,assisted,not_frontier,0,8,8,1.0,1.0,0
3,2354,assisted,not_frontier,0,8,8,1.0,1.0,0
3,2355,skill_free,not_frontier,0,8,8,1.0,1.0,0
3,2356,assisted,not_frontier,0,8,8,1.0,1.0,0
3,2357,assisted,not_frontier,0,8,8,0.125,0.125,0
3,2358,assisted,not_frontier,0,8,8,1.0,1.0,0
3,2359,assisted,not_frontier,0,8,8,1.0,1.0,0
3,2360,assisted,not_frontier,0,8,8,1.0,1.0,0
3,2361,assisted,not_frontier,0,8,8,1.0,1.0,0
3,2362,assisted,not_frontier,0,8,8,1.0,1.0,0
3,2363,assisted,not_frontier,0,8,8,1.0,1.0,0
3,2364,assisted,not_frontier,0,8,8,1.0,1.0,0
3,2365,assisted,not_frontier,0,8,8,0.875,0.875,0
3,2366,assisted,not_frontier,0,8,8,0.875,0.875,0
3,2367,assisted,not_frontier,0,8,8,1.0,1.0,0
3,2368,skill_free,not_frontier,0,8,8,1.0,1.0,0
3,2369,assisted,not_frontier,0,8,8,1.0,1.0,0
3,2370,assisted,not_frontier,0,8,8,0.875,0.875,0
3,2371,assisted,not_frontier,0,8,8,0.375,0.375,0
3,2372,skill_free,not_frontier,0,8,8,1.0,1.0,0
3,2373,assisted,not_frontier,0,8,8,1.0,1.0,0
3,2374,assisted,not_frontier,0,8,8,1.0,1.0,0
3,2375,assisted,not_frontier,0,8,8,0.625,0.625,0
3,2376,skill_free,not_frontier,0,8,8,1.0,1.0,0
3,2377,assisted,not_frontier,0,8,8,0.375,0.25,0
3,2378,assisted,not_frontier,0,8,8,1.0,1.0,0
3,2379,assisted,not_frontier,0,8,8,1.0,1.0,0
3,2380,assisted,not_frontier,0,8,8,1.0,1.0,0
3,2381,skill_free,not_frontier,0,8,8,1.0,1.0,0
3,2382,skill_free,not_frontier,0,8,8,0.5,0.5,0
3,2383,assisted,not_frontier,0,8,8,1.0,1.0,0
3,2384,assisted,not_frontier,0,8,8,0.875,0.875,0
3,2385,skill_free,not_frontier,0,8,8,1.0,1.0,0
3,2386,assisted,not_frontier,0,8,8,0.625,0.625,0
3,2387,assisted,not_frontier,0,8,8,1.0,1.0,0
3,2388,assisted,not_frontier,0,8,8,1.0,1.0,0
3,2389,assisted,not_frontier,0,8,8,1.0,1.0,0
3,2390,skill_free,not_frontier,0,8,8,1.0,1.0,0
3,2391,assisted,not_frontier,0,8,8,1.0,1.0,0
3,2392,assisted,not_frontier,0,8,8,1.0,1.0,0
3,2393,assisted,not_frontier,0,8,8,1.0,1.0,0
3,2394,assisted,not_frontier,0,8,8,0.875,0.875,0
3,2395,assisted,not_frontier,0,8,8,1.0,1.0,0
3,2396,assisted,not_frontier,0,8,8,1.0,1.0,0
3,2397,assisted,not_frontier,0,8,8,1.0,1.0,0
3,2398,assisted,not_frontier,0,8,8,1.0,1.0,0
3,2399,assisted,not_frontier,0,8,8,1.0,1.0,0
3,2400,assisted,not_frontier,0,8,8,1.0,1.0,0
3,2401,assisted,not_frontier,0,8,8,0.625,0.625,0
3,2402,assisted,not_frontier,0,8,8,1.0,1.0,0
3,2403,assisted,not_frontier,0,8,8,0.5,0.5,0
3,2404,assisted,full_skill_failure_pending_analysis,1,8,8,0.0,0.0,1
3,2405,assisted,not_frontier,0,8,8,1.0,1.0,0
3,2406,assisted,not_frontier,0,8,8,0.875,0.875,0
3,2407,assisted,not_frontier,0,8,8,0.875,0.875,0
3,2408,assisted,not_frontier,0,8,8,1.0,1.0,0
3,2409,skill_free,not_frontier,0,8,8,1.0,1.0,0
3,2410,assisted,not_frontier,0,8,8,0.875,0.875,0
3,2411,skill_free,not_frontier,0,8,8,0.625,0.625,0
3,2412,assisted,not_frontier,0,8,8,1.0,1.0,0
3,2413,assisted,not_frontier,0,8,8,1.0,1.0,0
3,2414,assisted,full_skill_failure_pending_analysis,1,8,8,0.0,0.0,1
3,2415,assisted,not_frontier,0,8,8,1.0,1.0,0
3,2416,assisted,not_frontier,0,8,8,0.875,0.875,0
3,2417,assisted,not_frontier,0,8,8,1.0,1.0,0
3,2418,assisted,not_frontier,0,8,8,1.0,1.0,0
3,2419,assisted,not_frontier,0,8,8,1.0,1.0,0
3,2420,assisted,not_frontier,0,8,8,1.0,1.0,0
3,2421,assisted,not_frontier,0,8,8,1.0,1.0,0
3,2422,assisted,not_frontier,0,8,8,1.0,1.0,0
3,2423,assisted,not_frontier,0,8,8,1.0,1.0,0
3,2424,assisted,not_frontier,0,8,8,1.0,1.0,0
3,2425,assisted,not_frontier,0,8,8,0.875,0.875,0
3,2426,skill_free,not_frontier,0,8,8,1.0,1.0,0
3,2427,assisted,not_frontier,0,8,8,1.0,1.0,0
3,2428,assisted,not_frontier,0,8,8,0.625,0.25,0
3,2429,assisted,not_frontier,0,8,8,1.0,1.0,0
3,2430,assisted,not_frontier,0,8,8,1.0,1.0,0
3,2431,skill_free,not_frontier,0,8,8,1.0,1.0,0
3,2432,assisted,not_frontier,0,8,8,1.0,1.0,0
3,2433,assisted,not_frontier,0,8,8,1.0,1.0,0
3,2434,skill_free,not_frontier,0,8,8,0.75,0.75,0
3,2435,assisted,full_skill_failure_pending_analysis,1,8,8,0.0,0.0,1
3,2436,assisted,not_frontier,0,8,8,1.0,1.0,0
3,2437,skill_free,not_frontier,0,8,8,1.0,1.0,0
3,2438,assisted,not_frontier,0,8,8,1.0,1.0,0
3,2439,assisted,not_frontier,0,8,8,1.0,1.0,0
3,2440,skill_free,not_frontier,0,8,8,1.0,1.0,0
3,2441,assisted,not_frontier,0,8,8,1.0,1.0,0
3,2442,assisted,not_frontier,0,8,8,0.75,0.75,0
3,2443,skill_free,not_frontier,0,8,8,1.0,1.0,0
3,2444,assisted,not_frontier,0,8,8,1.0,1.0,0
3,2445,assisted,not_frontier,0,8,8,0.875,0.875,0
3,2446,assisted,not_frontier,0,8,8,1.0,1.0,0
3,2447,assisted,not_frontier,0,8,8,1.0,1.0,0
3,2448,assisted,not_frontier,0,8,8,1.0,1.0,0
3,2449,assisted,not_frontier,0,8,8,1.0,1.0,0
3,2450,assisted,not_frontier,0,8,8,1.0,1.0,0
3,2451,skill_free,not_frontier,0,8,8,1.0,1.0,0
3,2452,assisted,not_frontier,0,8,8,1.0,1.0,0
3,2453,assisted,not_frontier,0,8,8,1.0,1.0,0
3,2454,assisted,not_frontier,0,8,8,1.0,1.0,0
3,2455,assisted,not_frontier,0,8,8,1.0,1.0,0
3,2456,assisted,not_frontier,0,8,8,1.0,1.0,0
3,2457,assisted,not_frontier,0,8,8,1.0,1.0,0
3,2458,assisted,not_frontier,0,8,8,1.0,1.0,0
3,2459,assisted,not_frontier,0,8,8,1.0,1.0,0
3,2460,assisted,not_frontier,0,8,8,1.0,1.0,0
3,2461,assisted,not_frontier,0,8,8,1.0,1.0,0
3,2462,assisted,not_frontier,0,8,8,0.25,0.25,0
3,2463,skill_free,full_skill_failure_pending_analysis,1,8,8,0.0,0.0,1
3,2464,assisted,not_frontier,0,8,8,0.625,0.625,0
3,2465,skill_free,not_frontier,0,8,8,1.0,1.0,0
3,2466,assisted,not_frontier,0,8,8,1.0,1.0,0
3,2467,assisted,not_frontier,0,8,8,1.0,1.0,0
3,2468,skill_free,not_frontier,0,8,8,1.0,1.0,0
3,2469,assisted,not_frontier,0,8,8,1.0,1.0,0
3,2470,assisted,not_frontier,0,8,8,1.0,1.0,0
3,2471,assisted,not_frontier,0,8,8,1.0,1.0,0
3,2472,assisted,not_frontier,0,8,8,1.0,1.0,0
3,2473,assisted,not_frontier,0,8,8,1.0,1.0,0
3,2474,assisted,not_frontier,0,8,8,1.0,1.0,0
3,2475,skill_free,not_frontier,0,8,8,1.0,1.0,0
3,2476,assisted,not_frontier,0,8,8,1.0,1.0,0
3,2477,assisted,not_frontier,0,8,8,1.0,1.0,0
3,2478,assisted,not_frontier,0,8,8,1.0,1.0,0
3,2479,assisted,not_frontier,0,8,8,1.0,1.0,0
3,2480,assisted,not_frontier,0,8,8,1.0,1.0,0
3,2481,skill_free,not_frontier,0,8,8,1.0,1.0,0
3,2482,assisted,not_frontier,0,8,8,1.0,1.0,0
3,2483,assisted,not_frontier,0,8,8,1.0,1.0,0
3,2484,skill_free,not_frontier,0,8,8,0.625,0.625,0
3,2485,assisted,not_frontier,0,8,8,1.0,1.0,0
3,2486,assisted,not_frontier,0,8,8,1.0,1.0,0
3,2487,assisted,not_frontier,0,8,8,1.0,1.0,0
3,2488,assisted,not_frontier,0,8,8,1.0,1.0,0
3,2489,skill_free,not_frontier,0,8,8,1.0,1.0,0
3,2490,assisted,full_skill_failure_pending_analysis,1,8,8,0.0,0.0,1
3,2491,assisted,not_frontier,0,8,8,1.0,1.0,0
3,2492,assisted,not_frontier,0,8,8,1.0,1.0,0
3,2493,assisted,not_frontier,0,8,8,1.0,1.0,0
3,2494,assisted,full_skill_failure_pending_analysis,1,8,8,0.5,0.0,1
3,2495,skill_free,not_frontier,0,8,8,1.0,1.0,0
3,2496,assisted,not_frontier,0,8,8,1.0,1.0,0
3,2497,skill_free,not_frontier,0,8,8,1.0,1.0,0
3,2498,assisted,not_frontier,0,8,8,1.0,1.0,0
3,2499,assisted,not_frontier,0,8,8,1.0,1.0,0
3,2500,assisted,not_frontier,0,8,8,1.0,1.0,0
3,2501,assisted,not_frontier,0,8,8,1.0,1.0,0
3,2502,assisted,not_frontier,0,8,8,1.0,1.0,0
3,2503,assisted,not_frontier,0,8,8,1.0,1.0,0
3,2504,skill_free,not_frontier,0,8,8,1.0,1.0,0
3,2505,assisted,not_frontier,0,8,8,1.0,1.0,0
3,2506,assisted,not_frontier,0,8,8,1.0,1.0,0
3,2507,assisted,not_frontier,0,8,8,1.0,1.0,0
3,2508,assisted,not_frontier,0,8,8,0.375,0.375,0
3,2509,assisted,not_frontier,0,8,8,1.0,1.0,0
3,2510,assisted,not_frontier,0,8,8,0.19791666666666666,0.125,0
3,2511,assisted,not_frontier,0,8,8,0.75,0.75,0
3,2512,skill_free,not_frontier,0,8,8,1.0,1.0,0
3,2513,assisted,not_frontier,0,8,8,1.0,1.0,0
3,2514,assisted,not_frontier,0,8,8,1.0,1.0,0
3,2515,assisted,not_frontier,0,8,8,1.0,1.0,0
3,2516,skill_free,not_frontier,0,8,8,1.0,1.0,0
3,2517,assisted,not_frontier,0,8,8,1.0,1.0,0
3,2518,assisted,not_frontier,0,8,8,1.0,1.0,0
3,2519,assisted,not_frontier,0,8,8,1.0,1.0,0
3,2520,assisted,not_frontier,0,8,8,1.0,1.0,0
3,2521,assisted,full_skill_failure_pending_analysis,1,8,8,0.0,0.0,1
3,2522,assisted,not_frontier,0,8,8,1.0,1.0,0
3,2523,skill_free,not_frontier,0,8,8,0.75,0.75,0
3,2524,skill_free,not_frontier,0,8,8,1.0,1.0,0
3,2525,assisted,not_frontier,0,8,8,1.0,1.0,0
3,2526,assisted,not_frontier,0,8,8,1.0,1.0,0
3,2527,skill_free,not_frontier,0,8,8,1.0,1.0,0
3,2528,assisted,not_frontier,0,8,8,1.0,1.0,0
3,2529,skill_free,not_frontier,0,8,8,0.9375,0.875,0
3,2530,skill_free,not_frontier,0,8,8,0.8125,0.625,0
3,2531,assisted,not_frontier,0,8,8,1.0,1.0,0
3,2532,assisted,not_frontier,0,8,8,1.0,1.0,0
3,2533,assisted,not_frontier,0,8,8,0.875,0.875,0
3,2534,skill_free,not_frontier,0,8,8,0.125,0.125,0
3,2535,assisted,not_frontier,0,8,8,1.0,1.0,0
3,2536,assisted,not_frontier,0,8,8,1.0,1.0,0
3,2537,assisted,not_frontier,0,8,8,0.125,0.125,0
3,2538,assisted,not_frontier,0,8,8,1.0,1.0,0
3,2539,assisted,not_frontier,0,8,8,0.875,0.875,0
3,2540,skill_free,not_frontier,0,8,8,1.0,1.0,0
3,2541,assisted,not_frontier,0,8,8,1.0,1.0,0
3,2542,skill_free,not_frontier,0,8,8,0.75,0.75,0
3,2543,assisted,not_frontier,0,8,8,1.0,1.0,0
3,2544,assisted,not_frontier,0,8,8,1.0,1.0,0
3,2545,assisted,not_frontier,0,8,8,1.0,1.0,0
3,2546,skill_free,not_frontier,0,8,8,1.0,1.0,0
3,2547,assisted,not_frontier,0,8,8,1.0,1.0,0
3,2548,skill_free,not_frontier,0,8,8,1.0,1.0,0
3,2549,assisted,not_frontier,0,8,8,1.0,1.0,0
3,2550,skill_free,not_frontier,0,8,8,1.0,1.0,0
3,2551,assisted,not_frontier,0,8,8,1.0,1.0,0
3,2552,assisted,not_frontier,0,8,8,1.0,1.0,0
3,2553,assisted,not_frontier,0,8,8,1.0,1.0,0
3,2554,skill_free,not_frontier,0,8,8,1.0,1.0,0
3,2555,assisted,not_frontier,0,8,8,1.0,1.0,0
3,2556,skill_free,not_frontier,0,8,8,1.0,1.0,0
3,2557,skill_free,not_frontier,0,8,8,1.0,1.0,0
3,2558,assisted,not_frontier,0,8,8,1.0,1.0,0
3,2559,assisted,not_frontier,0,8,8,1.0,1.0,0
